XMOM-01,【中文字幕】XMOM-01 淫口セレブ妻が僕のチ○ポを喰いまくる! 谷原希美.mp4,1/1,G:\Shared drives\Dexter_N_01\TG_JAPAN\【中文字幕】A~Z 跟新到9 2\【中文字幕】W~Z 系列\【中文字幕】XMOM-01 淫口セレブ妻が僕のチ○ポを喰いまくる! 谷原希美\【中文字幕】XMOM-01 淫口セレブ妻が僕のチ○ポを喰いまくる! 谷原希美.mp4
CWPBD-82,【中文字幕】CWPBD-82 キャットウォーク ポイズン 82 ～密着度120%の濃厚な中出しSEX～  みづなれい.mp4,1/1,G:\Shared drives\Dexter_N_01\TG_JAPAN\【中文字幕】A~Z 跟新到9 2\【中文字幕】C 系列\【中文字幕】CWPBD-82 キャットウォーク ポイズン 82 ～密着度120%の濃厚な中出しSEX～  みづなれい\【中文字幕】CWPBD-82 キャットウォーク ポイズン 82 ～密着度120%の濃厚な中出しSEX～  みづなれい.mp4
CWPBD-76,【中文字幕】CWPBD-76 キャットウォーク ポイズン 76 ～芸能人と接吻とフェラチオとセックスと～  麻生めい.mp4,1/1,G:\Shared drives\Dexter_N_01\TG_JAPAN\【中文字幕】A~Z 跟新到9 2\【中文字幕】C 系列\【中文字幕】CWPBD-76 キャットウォーク ポイズン 76 ～芸能人と接吻とフェラチオとセックスと～  麻生めい\【中文字幕】CWPBD-76 キャットウォーク ポイズン 76 ～芸能人と接吻とフェラチオとセックスと～  麻生めい.mp4
AWD-954,【中文字幕】AWD-954 本能剥き出しで貪り合う汗だく無限汁SEX 伊藤舞雪.mp4,1/1,G:\Shared drives\Dexter_N_01\TG_JAPAN\【中文字幕】A~Z 跟新到9 2\【中文字幕】A~B 系列\【中文字幕】AWD-954 本能剥き出しで貪り合う汗だく無限汁SEX 伊藤舞雪\【中文字幕】AWD-954 本能剥き出しで貪り合う汗だく無限汁SEX 伊藤舞雪.mp4
BID-044,【中文字幕】BID-044 ロリ痴女達の青姦露出 ダダ漏れ大量潮吹き野外乱交 さとう遥希 大槻ひびき 友田彩也香 さとう遥希, 大槻ひびき, 友田彩也香.mp4,1/1,G:\Shared drives\Dexter_N_01\TG_JAPAN\【中文字幕】A~Z 跟新到9 2\【中文字幕】A~B 系列\【中文字幕】BID-044 ロリ痴女達の青姦露出 ダダ漏れ大量潮吹き野外乱交 さとう遥希 大槻ひびき 友田彩也香 さとう遥希, 大槻ひびき, 友田彩也香\【中文字幕】BID-044 ロリ痴女達の青姦露出 ダダ漏れ大量潮吹き野外乱交 さとう遥希 大槻ひびき 友田彩也香 さとう遥希, 大槻ひびき, 友田彩也香.mp4
JUFD-106,【中文字幕】JUFD-106 匂いたつパンストの誘惑~ノーパン歯科助手・あかりのスケベな美脚~ 星野あかり.mp4,1/1,G:\Shared drives\Dexter_N_01\TG_JAPAN\【中文字幕】A~Z 跟新到9 2\【中文字幕】J 系列\【中文字幕】JUFD-106 匂いたつパンストの誘惑~ノーパン歯科助手・あかりのスケベな美脚~ 星野あかり\【中文字幕】JUFD-106 匂いたつパンストの誘惑~ノーパン歯科助手・あかりのスケベな美脚~ 星野あかり.mp4
JUFE-188,【中文字幕】JUFE-188 夜這い妻 献身的に夫の看病をする清楚な人妻が隣に入院してきた男と交わるまで… 佐山愛.mp4,1/1,G:\Shared drives\Dexter_N_01\TG_JAPAN\【中文字幕】A~Z 跟新到9 2\【中文字幕】J 系列\【中文字幕】JUFE-188 夜這い妻 献身的に夫の看病をする清楚な人妻が隣に入院してきた男と交わるまで… 佐山愛\【中文字幕】JUFE-188 夜這い妻 献身的に夫の看病をする清楚な人妻が隣に入院してきた男と交わるまで… 佐山愛.mp4
JUC-566,【中文字幕】JUC-566 義父に犯されて・・・ 美嫁いぢり 秋野千尋.mp4,1/1,G:\Shared drives\Dexter_N_01\TG_JAPAN\【中文字幕】A~Z 跟新到9 2\【中文字幕】J 系列\【中文字幕】JUC-566 義父に犯されて・・・ 美嫁いぢり 秋野千尋\【中文字幕】JUC-566 義父に犯されて・・・ 美嫁いぢり 秋野千尋.mp4
JUC-474,【中文字幕】JUC-474 義父に犯されて… 美嫁いぢり 渡部梓.mp4,1/1,G:\Shared drives\Dexter_N_01\TG_JAPAN\【中文字幕】A~Z 跟新到9 2\【中文字幕】J 系列\【中文字幕】JUC-474 義父に犯されて… 美嫁いぢり 渡部梓\【中文字幕】JUC-474 義父に犯されて… 美嫁いぢり 渡部梓.mp4
JUX-174,【中文字幕】JUX-174 帰郷義母 ～真夏に激しく求め合う汗だくの母子～ 白木優子.mp4,1/1,G:\Shared drives\Dexter_N_01\TG_JAPAN\【中文字幕】A~Z 跟新到9 2\【中文字幕】J 系列\【中文字幕】JUX-174 帰郷義母 ～真夏に激しく求め合う汗だくの母子～ 白木優子\【中文字幕】JUX-174 帰郷義母 ～真夏に激しく求め合う汗だくの母子～ 白木優子.mp4
JBD-257,【中文字幕】JBD-257 覚醒遊戯 3 闇を切り裂くマゾ調教 藍川美夏, 河南実里, 織田真子.mp4,1/1,G:\Shared drives\Dexter_N_01\TG_JAPAN\【中文字幕】A~Z 跟新到9 2\【中文字幕】J 系列\【中文字幕】JBD-257 覚醒遊戯 3 闇を切り裂くマゾ調教 藍川美夏, 河南実里, 織田真子\【中文字幕】JBD-257 覚醒遊戯 3 闇を切り裂くマゾ調教 藍川美夏, 河南実里, 織田真子.mp4
SALO-017,【中文字幕】SALO-017 みく女王様の調教部屋 阿部乃みく.mp4,1/1,G:\Shared drives\Dexter_N_01\TG_JAPAN\【中文字幕】A~Z 跟新到9 2\【中文字幕】SA~\【中文字幕】SALO-017 みく女王様の調教部屋 阿部乃みく\【中文字幕】SALO-017 みく女王様の調教部屋 阿部乃みく.mp4
SDMU-343,【中文字幕】SDMU-343 楽しいファン感アイドルバスツアーのはずが酷すぎる運営の対応にブチギレ!ヲタクたちにアイドルが好き勝手に犯されまくる性欲処理孕ませ乱交レイプ  .mp4,1/1,G:\Shared drives\Dexter_N_01\TG_JAPAN\【中文字幕】A~Z 跟新到9 2\【中文字幕】SA~\【中文字幕】SDMU-343 楽しいファン感アイドルバスツアーのはずが酷すぎる運営の対応にブチギレ!ヲタクたちにアイドルが好き勝手に犯されまくる性欲処理孕ませ乱交レイプ\【中文字幕】SDMU-343 楽しいファン感アイドルバスツアーのはずが酷すぎる運営の対応にブチギレ!ヲタクたちにアイドルが好き勝手に犯されまくる性欲処理孕ませ乱交レイプ  .mp4
SIS-037,【中文字幕】SIS-037 姉夜這い中出し盗撮レイプ 北川すみれ, 桐谷愛莉, 安城アンナ.mp4,1/1,G:\Shared drives\Dexter_N_01\TG_JAPAN\【中文字幕】A~Z 跟新到9 2\【中文字幕】SA~\【中文字幕】SIS-037 姉夜這い中出し盗撮レイプ 北川すみれ, 桐谷愛莉, 安城アンナ\【中文字幕】SIS-037 姉夜這い中出し盗撮レイプ 北川すみれ, 桐谷愛莉, 安城アンナ.mp4
SDAM-048,【中文字幕】SDAM-048 速報!元地方局アナウンサーが自ら出演志願AVDEBUTちはや(25)局アナ時代に備わったベロテクを本能的に猛獣化させる %NULL%.mp4,1/1,G:\Shared drives\Dexter_N_01\TG_JAPAN\【中文字幕】A~Z 跟新到9 2\【中文字幕】SA~\【中文字幕】SDAM-048 速報!元地方局アナウンサーが自ら出演志願AVDEBUTちはや(25)局アナ時代に備わったベロテクを本能的に猛獣化させる %NULL%\【中文字幕】SDAM-048 速報!元地方局アナウンサーが自ら出演志願AVDEBUTちはや(25)局アナ時代に備わったベロテクを本能的に猛獣化させる %NULL%.mp4
SILK-113,【中文字幕】SILK-113 素直になれない恋人たち 3rd season 小西まりえ, 石川祐奈, 上原千明, 波多野結衣.mp4,1/1,G:\Shared drives\Dexter_N_01\TG_JAPAN\【中文字幕】A~Z 跟新到9 2\【中文字幕】SA~\【中文字幕】SILK-113 素直になれない恋人たち 3rd season 小西まりえ, 石川祐奈, 上原千明, 波多野結衣\【中文字幕】SILK-113 素直になれない恋人たち 3rd season 小西まりえ, 石川祐奈, 上原千明, 波多野結衣.mp4
SGA-143,【中文字幕】SGA-143 最高の愛人と、最高の中出し性交。57G乳×美尻グラマラスボディ  .mp4,1/1,G:\Shared drives\Dexter_N_01\TG_JAPAN\【中文字幕】A~Z 跟新到9 2\【中文字幕】SA~\【中文字幕】SGA-143 最高の愛人と、最高の中出し性交。57G乳×美尻グラマラスボディ\【中文字幕】SGA-143 最高の愛人と、最高の中出し性交。57G乳×美尻グラマラスボディ  .mp4
SRXV-1134,【中文字幕】SRXV-1134 先生が、犯してあげる!! 逆レイプされてる君たちの顔・・・ゾクゾクしちゃう。 石原美希.mp4,1/1,G:\Shared drives\Dexter_N_01\TG_JAPAN\【中文字幕】A~Z 跟新到9 2\【中文字幕】SA~\【中文字幕】SRXV-1134 先生が、犯してあげる!! 逆レイプされてる君たちの顔・・・ゾクゾクしちゃう。 石原美希\【中文字幕】SRXV-1134 先生が、犯してあげる!! 逆レイプされてる君たちの顔・・・ゾクゾクしちゃう。 石原美希.mp4
SDMU-561,【中文字幕】SDMU-561 佐々木あき 人妻36歳 マジックミラー号 ナンパ待ち 佐々木あき.mp4,1/1,G:\Shared drives\Dexter_N_01\TG_JAPAN\【中文字幕】A~Z 跟新到9 2\【中文字幕】SA~\【中文字幕】SDMU-561 佐々木あき 人妻36歳 マジックミラー号 ナンパ待ち 佐々木あき\【中文字幕】SDMU-561 佐々木あき 人妻36歳 マジックミラー号 ナンパ待ち 佐々木あき.mp4
SDMT-489,【中文字幕】SDMT-489 SOFT ON DEMAND 痴漢産婦人科医「ナマ中出し」10人隊   .mp4,1/1,G:\Shared drives\Dexter_N_01\TG_JAPAN\【中文字幕】A~Z 跟新到9 2\【中文字幕】SA~\【中文字幕】SDMT-489 SOFT ON DEMAND 痴漢産婦人科医「ナマ中出し」10人隊\【中文字幕】SDMT-489 SOFT ON DEMAND 痴漢産婦人科医「ナマ中出し」10人隊   .mp4
SDMF-013,【中文字幕】SDMF-013 “実の娘と円光”しています。でも娘は私に無関心です。桃色かぞくVOL．15 花音うらら.mp4,1/1,G:\Shared drives\Dexter_N_01\TG_JAPAN\【中文字幕】A~Z 跟新到9 2\【中文字幕】SA~\【中文字幕】SDMF-013 “実の娘と円光”しています。でも娘は私に無関心です。桃色かぞくVOL．15 花音うらら\【中文字幕】SDMF-013 “実の娘と円光”しています。でも娘は私に無関心です。桃色かぞくVOL．15 花音うらら.mp4
SALO-021,【中文字幕】SALO-021 調教学園 通野未帆.mp4,1/1,G:\Shared drives\Dexter_N_01\TG_JAPAN\【中文字幕】A~Z 跟新到9 2\【中文字幕】SA~\【中文字幕】SALO-021 調教学園 通野未帆\【中文字幕】SALO-021 調教学園 通野未帆.mp4
STARS-013,【中文字幕】STARS-013S 石田カレン AV Debut.mp4,1/1,G:\Shared drives\Dexter_N_01\TG_JAPAN\【中文字幕】A~Z 跟新到9 2\【中文字幕】STAR\【中文字幕】STARS-013S 石田カレン AV Debut\【中文字幕】STARS-013S 石田カレン AV Debut.mp4
MUM-135,【中文字幕】MUM-135 僕のお嫁さん。ゆい148cm %NULL%.mp4,1/1,G:\Shared drives\Dexter_N_01\TG_JAPAN\【中文字幕】A~Z 跟新到9 2\【中文字幕】MI~\【中文字幕】MUM-135 僕のお嫁さん。ゆい148cm %NULL%\【中文字幕】MUM-135 僕のお嫁さん。ゆい148cm %NULL%.mp4
MKMP-025,【中文字幕】MKMP-025 潜入捜査官 水嶋杏樹.mp4,1/1,G:\Shared drives\Dexter_N_01\TG_JAPAN\【中文字幕】A~Z 跟新到9 2\【中文字幕】MI~\【中文字幕】MKMP-025 潜入捜査官 水嶋杏樹\【中文字幕】MKMP-025 潜入捜査官 水嶋杏樹.mp4
MXGS-731,【中文字幕】MXGS-731 欲情温泉旅行 淫猥の旅 一泊二日 水沢のの.mp4,1/1,G:\Shared drives\Dexter_N_01\TG_JAPAN\【中文字幕】A~Z 跟新到9 2\【中文字幕】MI~\【中文字幕】MXGS-731 欲情温泉旅行 淫猥の旅 一泊二日 水沢のの\【中文字幕】MXGS-731 欲情温泉旅行 淫猥の旅 一泊二日 水沢のの.mp4
MVSD-428,【中文字幕】MVSD-428 美少女妄想脳内エステ 醜いおじさんに体中をまさぐられオイルまみれで中出しセックスされるのを想像して興奮してる私って変態ですか？ 久留木玲.mp4,1/1,G:\Shared drives\Dexter_N_01\TG_JAPAN\【中文字幕】A~Z 跟新到9 2\【中文字幕】MI~\【中文字幕】MVSD-428 美少女妄想脳内エステ 醜いおじさんに体中をまさぐられオイルまみれで中出しセックスされるのを想像して興奮してる私って変態ですか？ 久留木玲\【中文字幕】MVSD-428 美少女妄想脳内エステ 醜いおじさんに体中をまさぐられオイルまみれで中出しセックスされるのを想像して興奮してる私って変態ですか？ 久留木玲.mp4
MIGD-550,【中文字幕】MIGD-550 集団中出しレイプ輪姦 さとう遥希.mp4,1/1,G:\Shared drives\Dexter_N_01\TG_JAPAN\【中文字幕】A~Z 跟新到9 2\【中文字幕】MI~\【中文字幕】MIGD-550 集団中出しレイプ輪姦 さとう遥希\【中文字幕】MIGD-550 集団中出しレイプ輪姦 さとう遥希.mp4
MOT-023,【中文字幕】MOT-023 母なる愛 10 波多野結衣.mp4,1/1,G:\Shared drives\Dexter_N_01\TG_JAPAN\【中文字幕】A~Z 跟新到9 2\【中文字幕】MI~\【中文字幕】MOT-023 母なる愛 10 波多野結衣\【中文字幕】MOT-023 母なる愛 10 波多野結衣.mp4
MXGS-446,【中文字幕】MXGS-446 犯され養女、明歩。 吉沢明歩b.mp4,1/2,G:\Shared drives\Dexter_N_01\TG_JAPAN\【中文字幕】A~Z 跟新到9 2\【中文字幕】MI~\【中文字幕】MXGS-446 犯され養女、明歩。 吉沢明歩\【中文字幕】MXGS-446 犯され養女、明歩。 吉沢明歩b.mp4
MXGS-446,【中文字幕】MXGS-446 犯され養女、明歩。 吉沢明歩a.mp4,2/2,G:\Shared drives\Dexter_N_01\TG_JAPAN\【中文字幕】A~Z 跟新到9 2\【中文字幕】MI~\【中文字幕】MXGS-446 犯され養女、明歩。 吉沢明歩\【中文字幕】MXGS-446 犯され養女、明歩。 吉沢明歩a.mp4
MXGS-609,【中文字幕】MXGS-609 女教師レイプ地獄 由愛可奈.mp4,1/1,G:\Shared drives\Dexter_N_01\TG_JAPAN\【中文字幕】A~Z 跟新到9 2\【中文字幕】MI~\【中文字幕】MXGS-609 女教師レイプ地獄 由愛可奈\【中文字幕】MXGS-609 女教師レイプ地獄 由愛可奈.mp4
MXGS-1031,【中文字幕】MXGS-1031 支配願望 抵抗不可能な状態で固定拘束調教されて、潮吹き絶頂を繰り返す淫乱マゾ人妻 波多野結衣.mp4,1/1,G:\Shared drives\Dexter_N_01\TG_JAPAN\【中文字幕】A~Z 跟新到9 2\【中文字幕】MI~\【中文字幕】MXGS-1031 支配願望 抵抗不可能な状態で固定拘束調教されて、潮吹き絶頂を繰り返す淫乱マゾ人妻 波多野結衣\【中文字幕】MXGS-1031 支配願望 抵抗不可能な状態で固定拘束調教されて、潮吹き絶頂を繰り返す淫乱マゾ人妻 波多野結衣.mp4
MOND-110,【中文字幕】MOND-110 17時までの人妻 夫に内緒で寝取られてます。 加納綾子.mp4,1/1,G:\Shared drives\Dexter_N_01\TG_JAPAN\【中文字幕】A~Z 跟新到9 2\【中文字幕】MI~\【中文字幕】MOND-110 17時までの人妻 夫に内緒で寝取られてます。 加納綾子\【中文字幕】MOND-110 17時までの人妻 夫に内緒で寝取られてます。 加納綾子.mp4
MKON-032,【中文字幕】MKON-032 清楚で可愛くて図書委員の俺の彼女が隠れビッチなわけないだろ! 姫野ことめ.mp4,1/1,G:\Shared drives\Dexter_N_01\TG_JAPAN\【中文字幕】A~Z 跟新到9 2\【中文字幕】MI~\【中文字幕】MKON-032 清楚で可愛くて図書委員の俺の彼女が隠れビッチなわけないだろ! 姫野ことめ\【中文字幕】MKON-032 清楚で可愛くて図書委員の俺の彼女が隠れビッチなわけないだろ! 姫野ことめ.mp4
MKMP-030,【中文字幕】MKMP-030 汗だくまみれになりながら激しい騎乗位でネットリとした濃厚ベロキス 桜井あゆ.mp4,1/1,G:\Shared drives\Dexter_N_01\TG_JAPAN\【中文字幕】A~Z 跟新到9 2\【中文字幕】MI~\【中文字幕】MKMP-030 汗だくまみれになりながら激しい騎乗位でネットリとした濃厚ベロキス 桜井あゆ\【中文字幕】MKMP-030 汗だくまみれになりながら激しい騎乗位でネットリとした濃厚ベロキス 桜井あゆ.mp4
MIST-148,【中文字幕】MIST-148 見えない女。佐々木あき レンタル版 佐々木あき.mp4,1/1,G:\Shared drives\Dexter_N_01\TG_JAPAN\【中文字幕】A~Z 跟新到9 2\【中文字幕】MI~\【中文字幕】MIST-148 見えない女。佐々木あき レンタル版 佐々木あき\【中文字幕】MIST-148 見えない女。佐々木あき レンタル版 佐々木あき.mp4
MIRD-142,【中文字幕】MIRD-142 ペロペロサイミン 神咲詩織.mp4,1/1,G:\Shared drives\Dexter_N_01\TG_JAPAN\【中文字幕】A~Z 跟新到9 2\【中文字幕】MI~\【中文字幕】MIRD-142 ペロペロサイミン 神咲詩織\【中文字幕】MIRD-142 ペロペロサイミン 神咲詩織.mp4
MILK-019,【中文字幕】MILK-019 童貞筆下ろしファン感謝祭!!浜崎真緒 浜崎真緒.mp4,1/1,G:\Shared drives\Dexter_N_01\TG_JAPAN\【中文字幕】A~Z 跟新到9 2\【中文字幕】MI~\【中文字幕】MILK-019 童貞筆下ろしファン感謝祭!!浜崎真緒 浜崎真緒\【中文字幕】MILK-019 童貞筆下ろしファン感謝祭!!浜崎真緒 浜崎真緒.mp4
MIGD-716,【中文字幕】MIGD-716 女子校生 人体固定中出し輪姦 世 向井藍.mp4,1/1,G:\Shared drives\Dexter_N_01\TG_JAPAN\【中文字幕】A~Z 跟新到9 2\【中文字幕】MI~\【中文字幕】MIGD-716 女子校生 人体固定中出し輪姦 世 向井藍\【中文字幕】MIGD-716 女子校生 人体固定中出し輪姦 世 向井藍.mp4
MIAE-253,【中文字幕】MIAE-253 友情素股 こすこすだけならしぶしぶOK 北川エリカ, 椎名そら, 篠田ゆう, 波多野結衣.mp4,1/1,G:\Shared drives\Dexter_N_01\TG_JAPAN\【中文字幕】A~Z 跟新到9 2\【中文字幕】MI~\【中文字幕】MIAE-253 友情素股 こすこすだけならしぶしぶOK 北川エリカ, 椎名そら, 篠田ゆう, 波多野結衣\【中文字幕】MIAE-253 友情素股 こすこすだけならしぶしぶOK 北川エリカ, 椎名そら, 篠田ゆう, 波多野結衣.mp4
VAGU-180,【中文字幕】VAGU-180 帰ってきた麗しのマネキン夫人~非モテ男の妄想!暴走!溺愛!同棲生活~ レンタル版 森沢かな.mp4,1/1,G:\Shared drives\Dexter_N_01\TG_JAPAN\【中文字幕】A~Z 跟新到9 2\【中文字幕】T~V系列\【中文字幕】VAGU-180 帰ってきた麗しのマネキン夫人~非モテ男の妄想!暴走!溺愛!同棲生活~ レンタル版 森沢かな\【中文字幕】VAGU-180 帰ってきた麗しのマネキン夫人~非モテ男の妄想!暴走!溺愛!同棲生活~ レンタル版 森沢かな.mp4
VEC-384,【中文字幕】VEC-384 息子のクラスメイトに犯され続けてプライドを失った母親 有坂深雪.mp4,1/1,G:\Shared drives\Dexter_N_01\TG_JAPAN\【中文字幕】A~Z 跟新到9 2\【中文字幕】T~V系列\【中文字幕】VEC-384 息子のクラスメイトに犯され続けてプライドを失った母親 有坂深雪\【中文字幕】VEC-384 息子のクラスメイトに犯され続けてプライドを失った母親 有坂深雪.mp4
TAAK-008,【中文字幕】TAAK-008 ネットカフェでバイトするまりなちゃんは、セクハラされまくりのミニスカパンストギャル 夏樹まりな.mp4,1/1,G:\Shared drives\Dexter_N_01\TG_JAPAN\【中文字幕】A~Z 跟新到9 2\【中文字幕】T~V系列\【中文字幕】TAAK-008 ネットカフェでバイトするまりなちゃんは、セクハラされまくりのミニスカパンストギャル 夏樹まりな\【中文字幕】TAAK-008 ネットカフェでバイトするまりなちゃんは、セクハラされまくりのミニスカパンストギャル 夏樹まりな.mp4
TYOD-253,【中文字幕】TYOD-253 淫乱団地妻 隣人の他人棒にイキ狂う美人妻 北条麻妃.mp4,1/1,G:\Shared drives\Dexter_N_01\TG_JAPAN\【中文字幕】A~Z 跟新到9 2\【中文字幕】T~V系列\【中文字幕】TYOD-253 淫乱団地妻 隣人の他人棒にイキ狂う美人妻 北条麻妃\【中文字幕】TYOD-253 淫乱団地妻 隣人の他人棒にイキ狂う美人妻 北条麻妃.mp4
VICD-357,【中文字幕】VICD-357 V10周年記念 神尻捜査官 黒人アナル解禁 神ユキ.mp4,1/1,G:\Shared drives\Dexter_N_01\TG_JAPAN\【中文字幕】A~Z 跟新到9 2\【中文字幕】T~V系列\【中文字幕】VICD-357 V10周年記念 神尻捜査官 黒人アナル解禁 神ユキ\【中文字幕】VICD-357 V10周年記念 神尻捜査官 黒人アナル解禁 神ユキ.mp4
VRTM-489,【中文字幕】VRTM-489 「もうケンカやめなさい!」近親相姦愛を育む兄妹が喧嘩を装い親に隠れて喘ぎ声を押し殺しながら超危険な中出しSEX! 2 永瀬ゆい, 冬愛ことね.mp4,1/1,G:\Shared drives\Dexter_N_01\TG_JAPAN\【中文字幕】A~Z 跟新到9 2\【中文字幕】T~V系列\【中文字幕】VRTM-489 「もうケンカやめなさい!」近親相姦愛を育む兄妹が喧嘩を装い親に隠れて喘ぎ声を押し殺しながら超危険な中出しSEX! 2 永瀬ゆい, 冬愛ことね\【中文字幕】VRTM-489 「もうケンカやめなさい!」近親相姦愛を育む兄妹が喧嘩を装い親に隠れて喘ぎ声を押し殺しながら超危険な中出しSEX! 2 永瀬ゆい, 冬愛ことね.mp4
TYOD-278,【中文字幕】TYOD-278 淫乱家庭教師 痙攣と絶頂を繰り返してしまう2穴中出しOK家庭教師 みづなれい.mp4,1/1,G:\Shared drives\Dexter_N_01\TG_JAPAN\【中文字幕】A~Z 跟新到9 2\【中文字幕】T~V系列\【中文字幕】TYOD-278 淫乱家庭教師 痙攣と絶頂を繰り返してしまう2穴中出しOK家庭教師 みづなれい\【中文字幕】TYOD-278 淫乱家庭教師 痙攣と絶頂を繰り返してしまう2穴中出しOK家庭教師 みづなれい.mp4
VAGU-231,【中文字幕】VAGU-231 最愛のファンのため…マネキンになったグラビアアイドル~麗しのマネキン夫人外伝~ 栗山絵麻.mp4,1/1,G:\Shared drives\Dexter_N_01\TG_JAPAN\【中文字幕】A~Z 跟新到9 2\【中文字幕】T~V系列\【中文字幕】VAGU-231 最愛のファンのため…マネキンになったグラビアアイドル~麗しのマネキン夫人外伝~ 栗山絵麻\【中文字幕】VAGU-231 最愛のファンのため…マネキンになったグラビアアイドル~麗しのマネキン夫人外伝~ 栗山絵麻.mp4
VAGU-229,【中文字幕】VAGU-229 クレーム処理のため自らマネキンになった女子社員~麗しのマネキン夫人外伝~ 永瀬ゆい.mp4,1/1,G:\Shared drives\Dexter_N_01\TG_JAPAN\【中文字幕】A~Z 跟新到9 2\【中文字幕】T~V系列\【中文字幕】VAGU-229 クレーム処理のため自らマネキンになった女子社員~麗しのマネキン夫人外伝~ 永瀬ゆい\【中文字幕】VAGU-229 クレーム処理のため自らマネキンになった女子社員~麗しのマネキン夫人外伝~ 永瀬ゆい.mp4
VAGU-220,【中文字幕】VAGU-220 文学系の母親が息子の友達を抵抗できないように拘束して中出しさせるじわじわねっちょり淫語たっぷりセックス 君島みお.mp4,1/1,G:\Shared drives\Dexter_N_01\TG_JAPAN\【中文字幕】A~Z 跟新到9 2\【中文字幕】T~V系列\【中文字幕】VAGU-220 文学系の母親が息子の友達を抵抗できないように拘束して中出しさせるじわじわねっちょり淫語たっぷりセックス 君島みお\【中文字幕】VAGU-220 文学系の母親が息子の友達を抵抗できないように拘束して中出しさせるじわじわねっちょり淫語たっぷりセックス 君島みお.mp4
VAGU-185,【中文字幕】VAGU-185 帰ってきた麗しのマネキン夫人~非モテ男の妄想!暴走!溺愛!同棲生活~ 神波多一花.mp4,1/1,G:\Shared drives\Dexter_N_01\TG_JAPAN\【中文字幕】A~Z 跟新到9 2\【中文字幕】T~V系列\【中文字幕】VAGU-185 帰ってきた麗しのマネキン夫人~非モテ男の妄想!暴走!溺愛!同棲生活~ 神波多一花\【中文字幕】VAGU-185 帰ってきた麗しのマネキン夫人~非モテ男の妄想!暴走!溺愛!同棲生活~ 神波多一花.mp4
VAGU-119,【中文字幕】VAGU-119 篠田あゆみの鬼コキ！！～ドエロなくノ一にドピュドピュ発射させられちゃった僕～.mp4,1/1,G:\Shared drives\Dexter_N_01\TG_JAPAN\【中文字幕】A~Z 跟新到9 2\【中文字幕】T~V系列\【中文字幕】VAGU-119 篠田あゆみの鬼コキ！！～ドエロなくノ一にドピュドピュ発射させられちゃった僕～\【中文字幕】VAGU-119 篠田あゆみの鬼コキ！！～ドエロなくノ一にドピュドピュ発射させられちゃった僕～.mp4
VAGU-115,【中文字幕】VAGU-115 かなこママとのやらしい生活 レンタル版 森沢かな.mp4,1/1,G:\Shared drives\Dexter_N_01\TG_JAPAN\【中文字幕】A~Z 跟新到9 2\【中文字幕】T~V系列\【中文字幕】VAGU-115 かなこママとのやらしい生活 レンタル版 森沢かな\【中文字幕】VAGU-115 かなこママとのやらしい生活 レンタル版 森沢かな.mp4
URKK-029,【中文字幕】URKK-029 隣の変態大家におっぱいを揉まれ毎日犯●れてます 結々萌奈実.mp4,1/1,G:\Shared drives\Dexter_N_01\TG_JAPAN\【中文字幕】A~Z 跟新到9 2\【中文字幕】T~V系列\【中文字幕】URKK-029 隣の変態大家におっぱいを揉まれ毎日犯●れてます 結々萌奈実\【中文字幕】URKK-029 隣の変態大家におっぱいを揉まれ毎日犯●れてます 結々萌奈実.mp4
TPPN-063,【中文字幕】TPPN-063 松嶋葵 汗尻 松嶋葵.mp4,1/1,G:\Shared drives\Dexter_N_01\TG_JAPAN\【中文字幕】A~Z 跟新到9 2\【中文字幕】T~V系列\【中文字幕】TPPN-063 松嶋葵 汗尻 松嶋葵\【中文字幕】TPPN-063 松嶋葵 汗尻 松嶋葵.mp4
TKI-007,【中文字幕】TKI-007 完璧な性奴隷 2.mp4,1/1,G:\Shared drives\Dexter_N_01\TG_JAPAN\【中文字幕】A~Z 跟新到9 2\【中文字幕】T~V系列\【中文字幕】TKI-007 完璧な性奴隷 2\【中文字幕】TKI-007 完璧な性奴隷 2.mp4
TEAM-073,【中文字幕】TEAM-073 毎日のように部室で性処理奴隷として扱われる女子マネージャー 辻本杏.mp4,1/1,G:\Shared drives\Dexter_N_01\TG_JAPAN\【中文字幕】A~Z 跟新到9 2\【中文字幕】T~V系列\【中文字幕】TEAM-073 毎日のように部室で性処理奴隷として扱われる女子マネージャー 辻本杏\【中文字幕】TEAM-073 毎日のように部室で性処理奴隷として扱われる女子マネージャー 辻本杏.mp4
TAMM-020,【中文字幕】TAMM-020 人妻性奴隷 清楚な美人妻が淫らなメス犬に堕ちる一部始終 佐々木あき.mp4,1/1,G:\Shared drives\Dexter_N_01\TG_JAPAN\【中文字幕】A~Z 跟新到9 2\【中文字幕】T~V系列\【中文字幕】TAMM-020 人妻性奴隷 清楚な美人妻が淫らなメス犬に堕ちる一部始終 佐々木あき\【中文字幕】TAMM-020 人妻性奴隷 清楚な美人妻が淫らなメス犬に堕ちる一部始終 佐々木あき.mp4
TAAK-026,【中文字幕】TAAK-026 Fカップでナイスバディのありさちゃんは、セクハラされまくりのセクシーなエステティ.mp4,1/1,G:\Shared drives\Dexter_N_01\TG_JAPAN\【中文字幕】A~Z 跟新到9 2\【中文字幕】T~V系列\【中文字幕】TAAK-026 Fカップでナイスバディのありさちゃんは、セクハラされまくりのセクシーなエステティシャン 宮川ありさ\【中文字幕】TAAK-026 Fカップでナイスバディのありさちゃんは、セクハラされまくりのセクシーなエステティ.mp4
TAAK-018,【中文字幕】TAAK-018 受刑者や職場の上司に迫られる咲流さんは、セクハラされまくりの女刑事 【アウトレット】 卯水咲流.mp4,1/1,G:\Shared drives\Dexter_N_01\TG_JAPAN\【中文字幕】A~Z 跟新到9 2\【中文字幕】T~V系列\【中文字幕】TAAK-018 受刑者や職場の上司に迫られる咲流さんは、セクハラされまくりの女刑事 【アウトレット】 卯水咲流\【中文字幕】TAAK-018 受刑者や職場の上司に迫られる咲流さんは、セクハラされまくりの女刑事 【アウトレット】 卯水咲流.mp4
TAAK-017,【中文字幕】TAAK-017 変身アクション物ドラマのオーディションを受けた岬さんは、セクハラされまくりの新人女優  本田岬.mp4,1/1,G:\Shared drives\Dexter_N_01\TG_JAPAN\【中文字幕】A~Z 跟新到9 2\【中文字幕】T~V系列\【中文字幕】TAAK-017 変身アクション物ドラマのオーディションを受けた岬さんは、セクハラされまくりの新人女優 本田岬\【中文字幕】TAAK-017 変身アクション物ドラマのオーディションを受けた岬さんは、セクハラされまくりの新人女優  本田岬.mp4
MIDE-789,【中文字幕】MIDE-789 あの日、初恋相手の義理姉は僕が不在のときに自宅で絶倫親父と中出ししまくって何度も中イキ昇天しまくっていた つぼみ.mp4,1/1,G:\Shared drives\Dexter_N_01\TG_JAPAN\【中文字幕】A~Z 跟新到9 2\【中文字幕】MIDE\【中文字幕】MIDE-789 あの日、初恋相手の義理姉は僕が不在のときに自宅で絶倫親父と中出ししまくって何度も中イキ昇天しまくっていた つぼみ\【中文字幕】MIDE-789 あの日、初恋相手の義理姉は僕が不在のときに自宅で絶倫親父と中出ししまくって何度も中イキ昇天しまくっていた つぼみ.mp4
MIDE-814,【中文字幕】MIDE-814 倦怠期中の上司の嫁と何度も何度もヤリまくった真夏の汗だく不倫旅行 高橋しょう子.mp4,1/1,G:\Shared drives\Dexter_N_01\TG_JAPAN\【中文字幕】A~Z 跟新到9 2\【中文字幕】MIDE\【中文字幕】MIDE-814 倦怠期中の上司の嫁と何度も何度もヤリまくった真夏の汗だく不倫旅行 高橋しょう子\【中文字幕】MIDE-814 倦怠期中の上司の嫁と何度も何度もヤリまくった真夏の汗だく不倫旅行 高橋しょう子.mp4
MIDE-772,【中文字幕】MIDE-772 【数量限定】桃尻コス×バックでいっぱいイっちゃった! 八木奈々.mp4,1/1,G:\Shared drives\Dexter_N_01\TG_JAPAN\【中文字幕】A~Z 跟新到9 2\【中文字幕】MIDE\【中文字幕】MIDE-772 【数量限定】桃尻コス×バックでいっぱいイっちゃった! 八木奈々\【中文字幕】MIDE-772 【数量限定】桃尻コス×バックでいっぱいイっちゃった! 八木奈々.mp4
IPZ-291,【中文字幕】IPZ-291 秘密女捜査官 松本メイ.mp4,1/1,G:\Shared drives\Dexter_N_01\TG_JAPAN\【中文字幕】A~Z 跟新到9 2\【中文字幕】IPZ\【中文字幕】IPZ-291 秘密女捜査官 松本メイ\【中文字幕】IPZ-291 秘密女捜査官 松本メイ.mp4
FERA-120,【中文字幕】FERA-120 夫の上司に支配された私 死ぬほど嫌いな相手と身体の相性が最高だったなんて… 岡村麻友子.mp4,1/1,G:\Shared drives\Dexter_N_01\TG_JAPAN\【中文字幕】A~Z 跟新到9 2\【中文字幕】E~G 系列\【中文字幕】FERA-120 夫の上司に支配された私 死ぬほど嫌いな相手と身体の相性が最高だったなんて… 岡村麻友子\【中文字幕】FERA-120 夫の上司に支配された私 死ぬほど嫌いな相手と身体の相性が最高だったなんて… 岡村麻友子.mp4
GNAX-013,【中文字幕】GNAX-013 監禁レイプされた妻 ~閉ざされた日常、獣欲に支配された6日間~ 大槻ひびき.mp4,1/1,G:\Shared drives\Dexter_N_01\TG_JAPAN\【中文字幕】A~Z 跟新到9 2\【中文字幕】E~G 系列\【中文字幕】GNAX-013 監禁レイプされた妻 ~閉ざされた日常、獣欲に支配された6日間~ 大槻ひびき\【中文字幕】GNAX-013 監禁レイプされた妻 ~閉ざされた日常、獣欲に支配された6日間~ 大槻ひびき.mp4
GEGE-007,【中文字幕】GEGE-007 勤務時間中に倉庫にいた新人美尻OLが上司を誘い出し2穴中出しアナル残業志願!! %NULL%.mp4,1/1,G:\Shared drives\Dexter_N_01\TG_JAPAN\【中文字幕】A~Z 跟新到9 2\【中文字幕】E~G 系列\【中文字幕】GEGE-007 勤務時間中に倉庫にいた新人美尻OLが上司を誘い出し2穴中出しアナル残業志願!! %NULL%\【中文字幕】GEGE-007 勤務時間中に倉庫にいた新人美尻OLが上司を誘い出し2穴中出しアナル残業志願!! %NULL%.mp4
GCF-003,【中文字幕】GCF-003 真面目がゆえに無防備なストッキングの誘惑に大興奮!魅力的な商品にす~め社員自らが試着し蒸れた下半身を見せつけて僕の勃起を誘う女だらけのパンスト開発部!  .mp4,1/1,G:\Shared drives\Dexter_N_01\TG_JAPAN\【中文字幕】A~Z 跟新到9 2\【中文字幕】E~G 系列\【中文字幕】GCF-003 真面目がゆえに無防備なストッキングの誘惑に大興奮!魅力的な商品にするため社員自らが試着し蒸れた下半身を見せつけて僕の勃起を誘う女だらけのパンスト開発部!\【中文字幕】GCF-003 真面目がゆえに無防備なストッキングの誘惑に大興奮!魅力的な商品にす~め社員自らが試着し蒸れた下半身を見せつけて僕の勃起を誘う女だらけのパンスト開発部!  .mp4
FAA-294,【中文字幕】FAA-294 うちの娘の家庭教師の黒パンスト姿に欲情して発情してしまった…。  .mp4,1/1,G:\Shared drives\Dexter_N_01\TG_JAPAN\【中文字幕】A~Z 跟新到9 2\【中文字幕】E~G 系列\【中文字幕】FAA-294 うちの娘の家庭教師の黒パンスト姿に欲情して発情してしまった…。\【中文字幕】FAA-294 うちの娘の家庭教師の黒パンスト姿に欲情して発情してしまった…。  .mp4
EYAN-157,【中文字幕】EYAN-157 妊活のために溜めた僕の大事な精子を金玉カラになるまで無駄撃ちさせちゃう近所で噂のノーブラ透け巨乳若妻“えいみ”さん 深田えいみ.mp4,1/1,G:\Shared drives\Dexter_N_01\TG_JAPAN\【中文字幕】A~Z 跟新到9 2\【中文字幕】E~G 系列\【中文字幕】EYAN-157 妊活のために溜めた僕の大事な精子を金玉カラになるまで無駄撃ちさせちゃう近所で噂のノーブラ透け巨乳若妻“えいみ”さん 深田えいみ\【中文字幕】EYAN-157 妊活のために溜めた僕の大事な精子を金玉カラになるまで無駄撃ちさせちゃう近所で噂のノーブラ透け巨乳若妻“えいみ”さん 深田えいみ.mp4
EKW-060,【中文字幕】EKW-060 挑発淫語で強制連射!精液搾取おねだり痴女 美園和花.mp4,1/1,G:\Shared drives\Dexter_N_01\TG_JAPAN\【中文字幕】A~Z 跟新到9 2\【中文字幕】E~G 系列\【中文字幕】EKW-060 挑発淫語で強制連射!精液搾取おねだり痴女 美園和花\【中文字幕】EKW-060 挑発淫語で強制連射!精液搾取おねだり痴女 美園和花.mp4
EKDV-600,【中文字幕】EKDV-600 ぬるぬるローション競泳水着 永瀬ゆい.mp4,1/1,G:\Shared drives\Dexter_N_01\TG_JAPAN\【中文字幕】A~Z 跟新到9 2\【中文字幕】E~G 系列\【中文字幕】EKDV-600 ぬるぬるローション競泳水着 永瀬ゆい\【中文字幕】EKDV-600 ぬるぬるローション競泳水着 永瀬ゆい.mp4
DV-1069,【中文字幕】DV-1069 姉が裸族でガマンできない 麻美ゆま.mp4,1/1,G:\Shared drives\Dexter_N_01\TG_JAPAN\【中文字幕】A~Z 跟新到9 2\【中文字幕】D 系列\【中文字幕】DV-1069 姉が裸族でガマンできない 麻美ゆま\【中文字幕】DV-1069 姉が裸族でガマンできない 麻美ゆま.mp4
DV-1333,【中文字幕】DV-1333 女体コントローラーを手に入れた！ 麻美ゆま.mp4,1/1,G:\Shared drives\Dexter_N_01\TG_JAPAN\【中文字幕】A~Z 跟新到9 2\【中文字幕】D 系列\【中文字幕】DV-1333 女体コントローラーを手に入れた！ 麻美ゆま\【中文字幕】DV-1333 女体コントローラーを手に入れた！ 麻美ゆま.mp4
DIC-074,【中文字幕】DIC-074 超絶敏感ボディ潮吹き6噴射 子持ち人妻 元ギャル(29) AVデビュー 禁断の自宅公開 そのまま初撮りSEX!! 遠野ありさ.mp4,1/1,G:\Shared drives\Dexter_N_01\TG_JAPAN\【中文字幕】A~Z 跟新到9 2\【中文字幕】D 系列\【中文字幕】DIC-074 超絶敏感ボディ潮吹き6噴射 子持ち人妻 元ギャル(29) AVデビュー 禁断の自宅公開 そのまま初撮りSEX!! 遠野ありさ\【中文字幕】DIC-074 超絶敏感ボディ潮吹き6噴射 子持ち人妻 元ギャル(29) AVデビュー 禁断の自宅公開 そのまま初撮りSEX!! 遠野ありさ.mp4
DV-1262,【中文字幕】DV-1262 出会って4秒で合体 美雪ありす.mp4,1/1,G:\Shared drives\Dexter_N_01\TG_JAPAN\【中文字幕】A~Z 跟新到9 2\【中文字幕】D 系列\【中文字幕】DV-1262 出会って4秒で合体 美雪ありす\【中文字幕】DV-1262 出会って4秒で合体 美雪ありす.mp4
DV-1508,【中文字幕】DV-1508 13発！！ヤリすぎ連続射精 葵つかさ.mp4,1/1,G:\Shared drives\Dexter_N_01\TG_JAPAN\【中文字幕】A~Z 跟新到9 2\【中文字幕】D 系列\【中文字幕】DV-1508 13発！！ヤリすぎ連続射精 葵つかさ\【中文字幕】DV-1508 13発！！ヤリすぎ連続射精 葵つかさ.mp4
DVDES-780,【中文字幕】DVDES-780 『愛する妻の誕生日会で歳の数だけ中出ししてください』幸福な清楚妻・サナエ（36歳）の全てが壊れた日.mp4,1/1,G:\Shared drives\Dexter_N_01\TG_JAPAN\【中文字幕】A~Z 跟新到9 2\【中文字幕】D 系列\【中文字幕】DVDES-780 『愛する妻の誕生日会で歳の数だけ中出ししてください』幸福な清楚妻・サナエ（36歳）の全てが壊れた日\【中文字幕】DVDES-780 『愛する妻の誕生日会で歳の数だけ中出ししてください』幸福な清楚妻・サナエ（36歳）の全てが壊れた日.mp4
DVAJ-459,【中文字幕】DVAJ-459 ザーメン20発溜めるまで出れない部屋に閉じ込められて…妻と性交を重ね~緒に閉じ込められてる絶倫オヤジに妻のカラダを貸し出す羽目になってしまった 川上奈々美.mp4,1/1,G:\Shared drives\Dexter_N_01\TG_JAPAN\【中文字幕】A~Z 跟新到9 2\【中文字幕】D 系列\【中文字幕】DVAJ-459 ザーメン20発溜めるまで出れない部屋に閉じ込められて…妻と性交を重ね~一緒に閉じ込められてる絶倫オヤジに妻のカラダを貸し出す羽目になってしまった 川上奈々美\【中文字幕】DVAJ-459 ザーメン20発溜めるまで出れない部屋に閉じ込められて…妻と性交を重ね~緒に閉じ込められてる絶倫オヤジに妻のカラダを貸し出す羽目になってしまった 川上奈々美.mp4
DVAJ-261,【中文字幕】DVAJ-261 [大人アリス]オイシイカラダ×カンパニー松尾 すみれ美香.mp4,1/1,G:\Shared drives\Dexter_N_01\TG_JAPAN\【中文字幕】A~Z 跟新到9 2\【中文字幕】D 系列\【中文字幕】DVAJ-261 [大人アリス]オイシイカラダ×カンパニー松尾 すみれ美香\【中文字幕】DVAJ-261 [大人アリス]オイシイカラダ×カンパニー松尾 すみれ美香.mp4
DVAJ-025,【中文字幕】DVAJ-025 vs黒人 葵つかさ.mp4,1/1,G:\Shared drives\Dexter_N_01\TG_JAPAN\【中文字幕】A~Z 跟新到9 2\【中文字幕】D 系列\【中文字幕】DVAJ-025 vs黒人 葵つかさ\【中文字幕】DVAJ-025 vs黒人 葵つかさ.mp4
DV-1673,【中文字幕】DV-1673 私を犯した叔父と10年ぶりに再会 葵つかさ.mp4,1/1,G:\Shared drives\Dexter_N_01\TG_JAPAN\【中文字幕】A~Z 跟新到9 2\【中文字幕】D 系列\【中文字幕】DV-1673 私を犯した叔父と10年ぶりに再会 葵つかさ\【中文字幕】DV-1673 私を犯した叔父と10年ぶりに再会 葵つかさ.mp4
DV-1682,【中文字幕】DV-1682 つかさとの身がもたない新婚生活 葵つかさ.mp4,1/1,G:\Shared drives\Dexter_N_01\TG_JAPAN\【中文字幕】A~Z 跟新到9 2\【中文字幕】D 系列\【中文字幕】DV-1682 つかさとの身がもたない新婚生活 葵つかさ\【中文字幕】DV-1682 つかさとの身がもたない新婚生活 葵つかさ.mp4
DV-1475,【中文字幕】DV-1475 出張ハイレグインストラクター 麻美ゆま.mp4,1/1,G:\Shared drives\Dexter_N_01\TG_JAPAN\【中文字幕】A~Z 跟新到9 2\【中文字幕】D 系列\【中文字幕】DV-1475 出張ハイレグインストラクター 麻美ゆま\【中文字幕】DV-1475 出張ハイレグインストラクター 麻美ゆま.mp4
DV-1453,【中文字幕】DV-1453 胸チラ誘惑お姉さん 麻美ゆま.mp4,1/1,G:\Shared drives\Dexter_N_01\TG_JAPAN\【中文字幕】A~Z 跟新到9 2\【中文字幕】D 系列\【中文字幕】DV-1453 胸チラ誘惑お姉さん 麻美ゆま\【中文字幕】DV-1453 胸チラ誘惑お姉さん 麻美ゆま.mp4
DV-1435,【中文字幕】DV-1435 ナースdeニャンニャン 葵つかさ.mp4,1/1,G:\Shared drives\Dexter_N_01\TG_JAPAN\【中文字幕】A~Z 跟新到9 2\【中文字幕】D 系列\【中文字幕】DV-1435 ナースdeニャンニャン 葵つかさ\【中文字幕】DV-1435 ナースdeニャンニャン 葵つかさ.mp4
DV-1312,【中文字幕】DV-1312 二番目の父に悪戯されて 麻美ゆま.mp4,1/1,G:\Shared drives\Dexter_N_01\TG_JAPAN\【中文字幕】A~Z 跟新到9 2\【中文字幕】D 系列\【中文字幕】DV-1312 二番目の父に悪戯されて 麻美ゆま\【中文字幕】DV-1312 二番目の父に悪戯されて 麻美ゆま.mp4
DV-1302,【中文字幕】DV-1302 中文字幕 痴漢バスおとり捜査官 麻美ゆま.mp4,1/1,G:\Shared drives\Dexter_N_01\TG_JAPAN\【中文字幕】A~Z 跟新到9 2\【中文字幕】D 系列\【中文字幕】DV-1302 中文字幕 痴漢バスおとり捜査官 麻美ゆま\【中文字幕】DV-1302 中文字幕 痴漢バスおとり捜査官 麻美ゆま.mp4
DV-1256,【中文字幕】DV-1256 性処理ボランティアのお仕事 麻美ゆま.mp4,1/1,G:\Shared drives\Dexter_N_01\TG_JAPAN\【中文字幕】A~Z 跟新到9 2\【中文字幕】D 系列\【中文字幕】DV-1256 性処理ボランティアのお仕事 麻美ゆま\【中文字幕】DV-1256 性処理ボランティアのお仕事 麻美ゆま.mp4
DV-1212,【中文字幕】DV-1212 ヌーディストの女 麻美ゆま.mp4,1/1,G:\Shared drives\Dexter_N_01\TG_JAPAN\【中文字幕】A~Z 跟新到9 2\【中文字幕】D 系列\【中文字幕】DV-1212 ヌーディストの女 麻美ゆま\【中文字幕】DV-1212 ヌーディストの女 麻美ゆま.mp4
DV-1173,【中文字幕】DV-1173 ゆまのカラダを手に入れた！ 麻美ゆま.mp4,1/1,G:\Shared drives\Dexter_N_01\TG_JAPAN\【中文字幕】A~Z 跟新到9 2\【中文字幕】D 系列\【中文字幕】DV-1173 ゆまのカラダを手に入れた！ 麻美ゆま\【中文字幕】DV-1173 ゆまのカラダを手に入れた！ 麻美ゆま.mp4
DJSK-065,【中文字幕】DJSK-065 M性感 W痴女のチ●ポ狩り 4 ～職場で逆痴漢するオンナたち～ .mp4,1/1,G:\Shared drives\Dexter_N_01\TG_JAPAN\【中文字幕】A~Z 跟新到9 2\【中文字幕】D 系列\【中文字幕】DJSK-065 M性感 W痴女のチ●ポ狩り 4 ～職場で逆痴漢するオンナたち～\【中文字幕】DJSK-065 M性感 W痴女のチ●ポ狩り 4 ～職場で逆痴漢するオンナたち～ .mp4
DDOB-070,【中文字幕】DDOB-070 巨乳種付け肉ダルマ 織田真子.mp4,1/1,G:\Shared drives\Dexter_N_01\TG_JAPAN\【中文字幕】A~Z 跟新到9 2\【中文字幕】D 系列\【中文字幕】DDOB-070 巨乳種付け肉ダルマ 織田真子\【中文字幕】DDOB-070 巨乳種付け肉ダルマ 織田真子.mp4
HODV-20666,【中文字幕】【無碼流出】HODV-20666 僕の大学の憧れの先輩が、ある日突然継母になってどうしよう… 秋山祥子.mp4,1/1,G:\Shared drives\Dexter_N_01\TG_JAPAN\【中文字幕】A~Z 跟新到9 2\【中文字幕】無碼系列\【中文字幕】【無碼流出】HODV-20666 僕の大学の憧れの先輩が、ある日突然継母になってどうしよう… 秋山祥子\【中文字幕】【無碼流出】HODV-20666 僕の大学の憧れの先輩が、ある日突然継母になってどうしよう… 秋山祥子.mp4
CWPBD-78,【中文字幕】無碼 CWPBD-78 キャットウォーク ポイズン 78 春日由衣のJAPORN初降臨 徹底イカセで中出し本番  春日由衣 (ブルーレイ版).mp4,1/1,G:\Shared drives\Dexter_N_01\TG_JAPAN\【中文字幕】A~Z 跟新到9 2\【中文字幕】無碼系列\【中文字幕】無碼 CWPBD-78 キャットウォーク ポイズン 78 春日由衣のJAPORN初降臨 徹底イカセで中出し本番  春日由衣 (ブルーレイ版)\【中文字幕】無碼 CWPBD-78 キャットウォーク ポイズン 78 春日由衣のJAPORN初降臨 徹底イカセで中出し本番  春日由衣 (ブルーレイ版).mp4
CWPBD-104,【中文字幕】無碼 CWPBD-104 キャットウォーク ポイズン 104 やはり僕の妹がスケベ過ぎる!!  佳苗るか (ブルーレイ版).mp4,1/1,G:\Shared drives\Dexter_N_01\TG_JAPAN\【中文字幕】A~Z 跟新到9 2\【中文字幕】無碼系列\【中文字幕】無碼 CWPBD-104 キャットウォーク ポイズン 104 やはり僕の妹がスケベ過ぎる!!  佳苗るか (ブルーレイ版)\【中文字幕】無碼 CWPBD-104 キャットウォーク ポイズン 104 やはり僕の妹がスケベ過ぎる!!  佳苗るか (ブルーレイ版).mp4
CWPBD-16,【中文字幕】CWPBD-16 キャットウォーク ポイズン 16  加護範子 ( ブルーレイ版 ).mp4,1/1,G:\Shared drives\Dexter_N_01\TG_JAPAN\【中文字幕】A~Z 跟新到9 2\【中文字幕】無碼系列\【中文字幕】無碼 CWPBD-16 キャットウォーク ポイズン 16  加護範子 ( ブルーレイ版 )\【中文字幕】CWPBD-16 キャットウォーク ポイズン 16  加護範子 ( ブルーレイ版 ).mp4
CWPBD-99,【中文字幕】無碼CWPBD-99 キャットウォーク ポイズン 99 妹のお尻が神すぎるので掴んで中出ししちゃいました。  篠田ゆう (ブルーレイ版).mp4,1/1,G:\Shared drives\Dexter_N_01\TG_JAPAN\【中文字幕】A~Z 跟新到9 2\【中文字幕】無碼系列\【中文字幕】無碼CWPBD-99 キャットウォーク ポイズン 99 妹のお尻が神すぎるので掴んで中出ししちゃいました。  篠田ゆう (ブルーレイ版)\【中文字幕】無碼CWPBD-99 キャットウォーク ポイズン 99 妹のお尻が神すぎるので掴んで中出ししちゃいました。  篠田ゆう (ブルーレイ版).mp4
CWPBD-69,【中文字幕】無碼 CWPBD-69 キャットウォーク ポイズン 69 ～マゾ乳生姦～  小沢アリス (ブルーレイ版).mp4,1/1,G:\Shared drives\Dexter_N_01\TG_JAPAN\【中文字幕】A~Z 跟新到9 2\【中文字幕】無碼系列\【中文字幕】無碼 CWPBD-69 キャットウォーク ポイズン 69 ～マゾ乳生姦～  小沢アリス (ブルーレイ版)\【中文字幕】無碼 CWPBD-69 キャットウォーク ポイズン 69 ～マゾ乳生姦～  小沢アリス (ブルーレイ版).mp4
CWPBD-87,【中文字幕】CWPBD-87 キャットウォーク ポイズン 87 貴方にご奉仕  西園寺れお (ブルーレイ版).mp4,1/1,G:\Shared drives\Dexter_N_01\TG_JAPAN\【中文字幕】A~Z 跟新到9 2\【中文字幕】無碼系列\【中文字幕】無碼 CWPBD-87 キャットウォーク ポイズン 87 貴方にご奉仕  西園寺れお (ブルーレイ版)\【中文字幕】CWPBD-87 キャットウォーク ポイズン 87 貴方にご奉仕  西園寺れお (ブルーレイ版).mp4
CWPBD-123,【中文字幕】無碼 CWPBD-123 キャットウォーク ポイズン 123 なまイキ！  佐伯ゆきな (ブルーレイ版).mp4,1/1,G:\Shared drives\Dexter_N_01\TG_JAPAN\【中文字幕】A~Z 跟新到9 2\【中文字幕】無碼系列\【中文字幕】無碼 CWPBD-123 キャットウォーク ポイズン 123 なまイキ！  佐伯ゆきな (ブルーレイ版)\【中文字幕】無碼 CWPBD-123 キャットウォーク ポイズン 123 なまイキ！  佐伯ゆきな (ブルーレイ版).mp4
CWPBD-53,【中文字幕】無碼CWPBD-53 キャットウォーク ポイズン 53  片桐えりりか (ブルーレイ版).mp4,1/1,G:\Shared drives\Dexter_N_01\TG_JAPAN\【中文字幕】A~Z 跟新到9 2\【中文字幕】無碼系列\【中文字幕】無碼 CWPBD-53 キャットウォーク ポイズン 53  片桐えりりか (ブルーレイ版)\【中文字幕】無碼CWPBD-53 キャットウォーク ポイズン 53  片桐えりりか (ブルーレイ版).mp4
SERO-025,【中文字幕】無碼 SERO-0025 秋月玲奈といく！混浴露天バスツアー.mp4,1/1,G:\Shared drives\Dexter_N_01\TG_JAPAN\【中文字幕】A~Z 跟新到9 2\【中文字幕】無碼系列\【中文字幕】無碼 SERO-0025 秋月玲奈といく！混浴露天バスツアー\【中文字幕】無碼 SERO-0025 秋月玲奈といく！混浴露天バスツアー.mp4
MBD-002,【中文字幕】無碼 S2MBD-002 アンコール Vol.2  美祢藤コウ (ブルーレイ版).mp4,1/1,G:\Shared drives\Dexter_N_01\TG_JAPAN\【中文字幕】A~Z 跟新到9 2\【中文字幕】無碼系列\【中文字幕】無碼 S2MBD-002 アンコール Vol.2  美祢藤コウ (ブルーレイ版)\【中文字幕】無碼 S2MBD-002 アンコール Vol.2  美祢藤コウ (ブルーレイ版).mp4
CWPBD-79,【中文字幕】CWPBD-79 キャットウォーク ポイズン 79 ～とっておきの僕らのペットは中出し・お漏らし＠美少女～  上原結衣 (ブルーレイ版).mp4,1/1,G:\Shared drives\Dexter_N_01\TG_JAPAN\【中文字幕】A~Z 跟新到9 2\【中文字幕】無碼系列\【中文字幕】無碼 CWPBD-79 キャットウォーク ポイズン 79 ～とっておきの僕らのペットは中出し・お漏らし＠美少女～  上原結衣 (ブルーレイ版)\【中文字幕】CWPBD-79 キャットウォーク ポイズン 79 ～とっておきの僕らのペットは中出し・お漏らし＠美少女～  上原結衣 (ブルーレイ版).mp4
CWPBD-37,【中文字幕】無碼 CWPBD-37 キャットウォーク ポイズン 37  羽月希 (ブルーレイ版).mp4,1/1,G:\Shared drives\Dexter_N_01\TG_JAPAN\【中文字幕】A~Z 跟新到9 2\【中文字幕】無碼系列\【中文字幕】無碼 CWPBD-37 キャットウォーク ポイズン 37  羽月希 (ブルーレイ版)\【中文字幕】無碼 CWPBD-37 キャットウォーク ポイズン 37  羽月希 (ブルーレイ版).mp4
CWPBD-29,【中文字幕】CWPBD-29 キャットウォーク ポイズン 29  星崎アンリ (ブルーレイ版).mp4,1/1,G:\Shared drives\Dexter_N_01\TG_JAPAN\【中文字幕】A~Z 跟新到9 2\【中文字幕】無碼系列\【中文字幕】無碼 CWPBD-29 キャットウォーク ポイズン 29  星崎アンリ (ブルーレイ版)\【中文字幕】CWPBD-29 キャットウォーク ポイズン 29  星崎アンリ (ブルーレイ版).mp4
CWPBD-118,【中文字幕】無碼 CWPBD-118 キャットウォーク ポイズン 118 僕とキミのAdagio  綾瀬なるみ (ブルーレイ版).mp4,1/1,G:\Shared drives\Dexter_N_01\TG_JAPAN\【中文字幕】A~Z 跟新到9 2\【中文字幕】無碼系列\【中文字幕】無碼 CWPBD-118 キャットウォーク ポイズン 118 僕とキミのAdagio  綾瀬なるみ (ブルーレイ版)\【中文字幕】無碼 CWPBD-118 キャットウォーク ポイズン 118 僕とキミのAdagio  綾瀬なるみ (ブルーレイ版).mp4
CWPBD-05,【中文字幕】CWPBD-05 キャットウォーク ポイズン 05  大塚咲 ( ブルーレイ版 ).mp4,1/1,G:\Shared drives\Dexter_N_01\TG_JAPAN\【中文字幕】A~Z 跟新到9 2\【中文字幕】無碼系列\【中文字幕】無碼 CWPBD-05 キャットウォーク ポイズン 05  大塚咲 ( ブルーレイ版 )\【中文字幕】CWPBD-05 キャットウォーク ポイズン 05  大塚咲 ( ブルーレイ版 ).mp4
SSR-036,【中文字幕】SSR-036 ムレたパンストで股間を挑発する美脚OL 春原未来, 原千草, 佐々木恋海, 遠野美帆.mp4,1/1,G:\Shared drives\Dexter_N_01\TG_JAPAN\【中文字幕】A~Z 跟新到9 2\【中文字幕】SS~\【中文字幕】SSR-036 ムレたパンストで股間を挑発する美脚OL 春原未来, 原千草, 佐々木恋海, 遠野美帆\【中文字幕】SSR-036 ムレたパンストで股間を挑発する美脚OL 春原未来, 原千草, 佐々木恋海, 遠野美帆.mp4
SW-301,【中文字幕】SW-301 女子社員だらけの部署で黒パンストから透けたパンチラ見えてますよ!男は僕一人なもんで勃起したチ○コは秘かに大歓迎されて… %NULL%.mp4,1/1,G:\Shared drives\Dexter_N_01\TG_JAPAN\【中文字幕】A~Z 跟新到9 2\【中文字幕】SS~\【中文字幕】SW-301 女子社員だらけの部署で黒パンストから透けたパンチラ見えてますよ!男は僕一人なもんで勃起したチ○コは秘かに大歓迎されて… %NULL%\【中文字幕】SW-301 女子社員だらけの部署で黒パンストから透けたパンチラ見えてますよ!男は僕一人なもんで勃起したチ○コは秘かに大歓迎されて… %NULL%.mp4
SVDVD-458,【中文字幕】SVDVD-458 男女が媚薬を飲んで大乱交SEXを楽しむ最近話題の温泉混浴サークルに行ってきました！10名全員セックス！！.mp4,1/1,G:\Shared drives\Dexter_N_01\TG_JAPAN\【中文字幕】A~Z 跟新到9 2\【中文字幕】SS~\【中文字幕】SVDVD-458 男女が媚薬を飲んで大乱交SEXを楽しむ最近話題の温泉混浴サークルに行ってきました！10名全員セックス！！\【中文字幕】SVDVD-458 男女が媚薬を飲んで大乱交SEXを楽しむ最近話題の温泉混浴サークルに行ってきました！10名全員セックス！！.mp4
SSPD-123,【中文字幕】SSPD-123 被虐の毒花.mp4,1/1,G:\Shared drives\Dexter_N_01\TG_JAPAN\【中文字幕】A~Z 跟新到9 2\【中文字幕】SS~\【中文字幕】SSPD-123 被虐の毒花\【中文字幕】SSPD-123 被虐の毒花.mp4
SSPD-115,【中文字幕】SSPD-115 女子校生監禁凌辱 鬼畜輪姦 周防ゆきこ.mp4,1/1,G:\Shared drives\Dexter_N_01\TG_JAPAN\【中文字幕】A~Z 跟新到9 2\【中文字幕】SS~\【中文字幕】SSPD-115 女子校生監禁凌辱 鬼畜輪姦 周防ゆきこ\【中文字幕】SSPD-115 女子校生監禁凌辱 鬼畜輪姦 周防ゆきこ.mp4
MESU-70,【中文字幕】MESU-70 完熟生保レディの中出し契約テクニック 澤村レイコ.mp4,1/1,G:\Shared drives\Dexter_N_01\TG_JAPAN\【中文字幕】A~Z 跟新到9 2\【中文字幕】MA~\【中文字幕】MESU-70 完熟生保レディの中出し契約テクニック 澤村レイコ\【中文字幕】MESU-70 完熟生保レディの中出し契約テクニック 澤村レイコ.mp4
IESP-612,【中文字幕】IESP-612 麻薬捜査官ヤク漬け膣痙攣 本田莉子.mp4,1/1,G:\Shared drives\Dexter_N_01\TG_JAPAN\【中文字幕】A~Z 跟新到9 2\【中文字幕】IKL 系列\【中文字幕】IESP-612 麻薬捜査官ヤク漬け膣痙攣 本田莉子\【中文字幕】IESP-612 麻薬捜査官ヤク漬け膣痙攣 本田莉子.mp4
KSBJ-087,【中文字幕】KSBJ-087 再会…。 君島みお.mp4,1/1,G:\Shared drives\Dexter_N_01\TG_JAPAN\【中文字幕】A~Z 跟新到9 2\【中文字幕】IKL 系列\【中文字幕】KSBJ-087 再会…。 君島みお\【中文字幕】KSBJ-087 再会…。 君島みお.mp4
LXVS-017,【中文字幕】LXVS-017 ラグジュTV×PRESTIGE SELECTION 17  水無月レイラ.mp4,1/1,G:\Shared drives\Dexter_N_01\TG_JAPAN\【中文字幕】A~Z 跟新到9 2\【中文字幕】IKL 系列\【中文字幕】LXVS-017 ラグジュTV×PRESTIGE SELECTION 17  水無月レイラ\【中文字幕】LXVS-017 ラグジュTV×PRESTIGE SELECTION 17  水無月レイラ.mp4
LULU-005,【中文字幕】LULU-005 朝から晩まで逆NTRセックスしたがる性欲が強すぎる義母は旦那の目を盗み射精しても即勃ちする息子の若ち○ぽを杭打ち騎乗位で何度も中出しさせている  .mp4,1/1,G:\Shared drives\Dexter_N_01\TG_JAPAN\【中文字幕】A~Z 跟新到9 2\【中文字幕】IKL 系列\【中文字幕】LULU-005 朝から晩まで逆NTRセックスしたがる性欲が強すぎる義母は旦那の目を盗み射精しても即勃ちする息子の若ち○ぽを杭打ち騎乗位で何度も中出しさせている\【中文字幕】LULU-005 朝から晩まで逆NTRセックスしたがる性欲が強すぎる義母は旦那の目を盗み射精しても即勃ちする息子の若ち○ぽを杭打ち騎乗位で何度も中出しさせている  .mp4
KSBJ-052,【中文字幕】KSBJ-052 はだかの奥様 卯水咲流.mp4,1/1,G:\Shared drives\Dexter_N_01\TG_JAPAN\【中文字幕】A~Z 跟新到9 2\【中文字幕】IKL 系列\【中文字幕】KSBJ-052 はだかの奥様 卯水咲流\【中文字幕】KSBJ-052 はだかの奥様 卯水咲流.mp4
KSBJ-022,【中文字幕】KSBJ-022 はだかの奥様 二宮和香.mp4,1/1,G:\Shared drives\Dexter_N_01\TG_JAPAN\【中文字幕】A~Z 跟新到9 2\【中文字幕】IKL 系列\【中文字幕】KSBJ-022 はだかの奥様 二宮和香\【中文字幕】KSBJ-022 はだかの奥様 二宮和香.mp4
KNAM-018,【中文字幕】KNAM-018 【マーキュリーCP】完ナマSTYLE@うらら #もっさり剛毛円光JD #奥好き #生好き #合法ロ● #クラスで1番 #清楚ビッチ #生ハメ3P 花音うらら.mp4,1/1,G:\Shared drives\Dexter_N_01\TG_JAPAN\【中文字幕】A~Z 跟新到9 2\【中文字幕】IKL 系列\【中文字幕】KNAM-018 【マーキュリーCP】完ナマSTYLE@うらら #もっさり剛毛円光JD #奥好き #生好き #合法ロ● #クラスで1番 #清楚ビッチ #生ハメ3P 花音うらら\【中文字幕】KNAM-018 【マーキュリーCP】完ナマSTYLE@うらら #もっさり剛毛円光JD #奥好き #生好き #合法ロ● #クラスで1番 #清楚ビッチ #生ハメ3P 花音うらら.mp4
KMHRS-020,【中文字幕】KMHRS-020 長身ショートカットのハンサム女子、エッチな欲望を抑えきれなくてAV debut 滝沢ライラ.mp4,1/1,G:\Shared drives\Dexter_N_01\TG_JAPAN\【中文字幕】A~Z 跟新到9 2\【中文字幕】IKL 系列\【中文字幕】KMHRS-020 長身ショートカットのハンサム女子、エッチな欲望を抑えきれなくてAV debut 滝沢ライラ\【中文字幕】KMHRS-020 長身ショートカットのハンサム女子、エッチな欲望を抑えきれなくてAV debut 滝沢ライラ.mp4
HUNTA-484,【中文字幕】HUNTA-484 母親のおかげで同級生と毎日エッチなことをしています。ひきこもりの息子の命令に絶対服従する母。  .mkv,1/1,G:\Shared drives\Dexter_N_01\TG_JAPAN\【中文字幕】A~Z 跟新到9 2\【中文字幕】H 系列\【中文字幕】HUNTA-484 母親のおかげで同級生と毎日エッチなことをしています。ひきこもりの息子の命令に絶対服従する母。\【中文字幕】HUNTA-484 母親のおかげで同級生と毎日エッチなことをしています。ひきこもりの息子の命令に絶対服従する母。  .mkv
HOMA-010,【中文字幕】HOMA-010 落ちた花嫁 婚約者を裏切り使用人に調教される上流家庭のお嬢様 二宮和香.mp4,1/1,G:\Shared drives\Dexter_N_01\TG_JAPAN\【中文字幕】A~Z 跟新到9 2\【中文字幕】H 系列\【中文字幕】HOMA-010 落ちた花嫁 婚約者を裏切り使用人に調教される上流家庭のお嬢様 二宮和香\【中文字幕】HOMA-010 落ちた花嫁 婚約者を裏切り使用人に調教される上流家庭のお嬢様 二宮和香.mp4
HZGD-105,【中文字幕】HZGD-105 侵入者~見知らぬ中年男にNTRられ‘ドM＇が覚醒した美人妻~ 橋本れいか.mp4,1/1,G:\Shared drives\Dexter_N_01\TG_JAPAN\【中文字幕】A~Z 跟新到9 2\【中文字幕】H 系列\【中文字幕】HZGD-105 侵入者~見知らぬ中年男にNTRられ‘ドM＇が覚醒した美人妻~ 橋本れいか\【中文字幕】HZGD-105 侵入者~見知らぬ中年男にNTRられ‘ドM＇が覚醒した美人妻~ 橋本れいか.mp4
HOMA-074,【中文字幕】HOMA-074 隣の人妻をオナホにする会 桜樹玲奈.mp4,1/1,G:\Shared drives\Dexter_N_01\TG_JAPAN\【中文字幕】A~Z 跟新到9 2\【中文字幕】H 系列\【中文字幕】HOMA-074 隣の人妻をオナホにする会 桜樹玲奈\【中文字幕】HOMA-074 隣の人妻をオナホにする会 桜樹玲奈.mp4
HOMA-075,【中文字幕】HOMA-075 夏休みに家出してきた親友夫婦の娘。 思い出と変わらない制服美少女と胸キュンSEXをしまくった数日間。 渚みつき.mp4,1/1,G:\Shared drives\Dexter_N_01\TG_JAPAN\【中文字幕】A~Z 跟新到9 2\【中文字幕】H 系列\【中文字幕】HOMA-075 夏休みに家出してきた親友夫婦の娘。 思い出と変わらない制服美少女と胸キュンSEXをしまくった数日間。 渚みつき\【中文字幕】HOMA-075 夏休みに家出してきた親友夫婦の娘。 思い出と変わらない制服美少女と胸キュンSEXをしまくった数日間。 渚みつき.mp4
HMGL-184,【中文字幕】HMGL-184 恥ずかしいカラダ手洗い、うがい、ハプニング!はるか  .mp4,1/1,G:\Shared drives\Dexter_N_01\TG_JAPAN\【中文字幕】A~Z 跟新到9 2\【中文字幕】H 系列\【中文字幕】HMGL-184 恥ずかしいカラダ手洗い、うがい、ハプニング!はるか\【中文字幕】HMGL-184 恥ずかしいカラダ手洗い、うがい、ハプニング!はるか  .mp4
HMGL-153,【中文字幕】HMGL-153 恥ずかしいカラダ ドキュメント 早川瀬里奈.mp4,1/1,G:\Shared drives\Dexter_N_01\TG_JAPAN\【中文字幕】A~Z 跟新到9 2\【中文字幕】H 系列\【中文字幕】HMGL-153 恥ずかしいカラダ ドキュメント 早川瀬里奈\【中文字幕】HMGL-153 恥ずかしいカラダ ドキュメント 早川瀬里奈.mp4
HIZ-010,【中文字幕】HIZ-010 ひたすら絶頂 ひたすらシリーズ No．010 河北はるな.mp4,1/1,G:\Shared drives\Dexter_N_01\TG_JAPAN\【中文字幕】A~Z 跟新到9 2\【中文字幕】H 系列\【中文字幕】HIZ-010 ひたすら絶頂 ひたすらシリーズ No．010 河北はるな\【中文字幕】HIZ-010 ひたすら絶頂 ひたすらシリーズ No．010 河北はるな.mp4
HGOT-045,【中文字幕】HGOT-045 父に調教されていた娘たち…ある日、母と姉妹は1本のチ●コを求める 桐谷なお, 加藤あやの, 夢乃美咲.mp4,1/1,G:\Shared drives\Dexter_N_01\TG_JAPAN\【中文字幕】A~Z 跟新到9 2\【中文字幕】H 系列\【中文字幕】HGOT-045 父に調教されていた娘たち…ある日、母と姉妹は1本のチ●コを求める 桐谷なお, 加藤あやの, 夢乃美咲\【中文字幕】HGOT-045 父に調教されていた娘たち…ある日、母と姉妹は1本のチ●コを求める 桐谷なお, 加藤あやの, 夢乃美咲.mp4
NITR-165,【中文字幕】NITR-165 巨乳ステージママ肉欲性接待 水元恵梨香 水元恵梨香, 平岡愛.mp4,1/1,G:\Shared drives\Dexter_N_01\TG_JAPAN\【中文字幕】A~Z 跟新到9 2\【中文字幕】N~O 系列\【中文字幕】NITR-165 巨乳ステージママ肉欲性接待 水元恵梨香 水元恵梨香, 平岡愛\【中文字幕】NITR-165 巨乳ステージママ肉欲性接待 水元恵梨香 水元恵梨香, 平岡愛.mp4
NACR-340,【中文字幕】NACR-340 息子の嫁 雪乃凛央.mp4,1/1,G:\Shared drives\Dexter_N_01\TG_JAPAN\【中文字幕】A~Z 跟新到9 2\【中文字幕】N~O 系列\【中文字幕】NACR-340 息子の嫁 雪乃凛央\【中文字幕】NACR-340 息子の嫁 雪乃凛央.mp4
NSPS-909,【中文字幕】NSPS-909 主人には内緒でお願いします。私が男を誘う「ある方法」 沙原さゆ, 通野未帆.mp4,1/1,G:\Shared drives\Dexter_N_01\TG_JAPAN\【中文字幕】A~Z 跟新到9 2\【中文字幕】N~O 系列\【中文字幕】NSPS-909 主人には内緒でお願いします。私が男を誘う「ある方法」 沙原さゆ, 通野未帆\【中文字幕】NSPS-909 主人には内緒でお願いします。私が男を誘う「ある方法」 沙原さゆ, 通野未帆.mp4
NATR-526,【中文字幕】NATR-526 加納さん家の歪んだ性教育 加納綾子 七緒ゆづき 加納綾子, 七緒ゆづき.mp4,1/1,G:\Shared drives\Dexter_N_01\TG_JAPAN\【中文字幕】A~Z 跟新到9 2\【中文字幕】N~O 系列\【中文字幕】NATR-526 加納さん家の歪んだ性教育 加納綾子 七緒ゆづき 加納綾子, 七緒ゆづき\【中文字幕】NATR-526 加納さん家の歪んだ性教育 加納綾子 七緒ゆづき 加納綾子, 七緒ゆづき.mp4
OKK-017,【中文字幕】OKK-017 濡れてテカってピッタリ密着 神競泳水着 三好凪 ロリ可愛い女子の競泳水~着替え盗撮から始まり貧乳から巨乳にパイパン、ハミ毛、ジョリワキ等のフェチ接写やロー.mp4,1/1,G:\Shared drives\Dexter_N_01\TG_JAPAN\【中文字幕】A~Z 跟新到9 2\【中文字幕】N~O 系列\【中文字幕】OKK-017 濡れてテカってピッタリ密着 神競泳水着 三好凪 ロリ可愛い女子の競泳水~フェチ接写やローションソーププレイや競泳水着ぶっかけに生中出し等を完全着衣で楽しむAV\【中文字幕】OKK-017 濡れてテカってピッタリ密着 神競泳水着 三好凪 ロリ可愛い女子の競泳水~着替え盗撮から始まり貧乳から巨乳にパイパン、ハミ毛、ジョリワキ等のフェチ接写やロー.mp4
ONEZ-062,【中文字幕】ONEZ-062 なまなかだし10連発SEX 跡美しゅり.mp4,1/1,G:\Shared drives\Dexter_N_01\TG_JAPAN\【中文字幕】A~Z 跟新到9 2\【中文字幕】N~O 系列\【中文字幕】ONEZ-062 なまなかだし10連発SEX 跡美しゅり\【中文字幕】ONEZ-062 なまなかだし10連発SEX 跡美しゅり.mp4
ONSG-025,【中文字幕】ONSG-025 巨乳デリヘル 波多野結衣.mp4,1/1,G:\Shared drives\Dexter_N_01\TG_JAPAN\【中文字幕】A~Z 跟新到9 2\【中文字幕】N~O 系列\【中文字幕】ONSG-025 巨乳デリヘル 波多野結衣\【中文字幕】ONSG-025 巨乳デリヘル 波多野結衣.mp4
ONEZ-030,【中文字幕】ONEZ-030 or？Act;04 %NULL%.mp4,1/1,G:\Shared drives\Dexter_N_01\TG_JAPAN\【中文字幕】A~Z 跟新到9 2\【中文字幕】N~O 系列\【中文字幕】ONEZ-030 or？Act;04 %NULL%\【中文字幕】ONEZ-030 or？Act;04 %NULL%.mp4
OKSN-266,【中文字幕】OKSN-266 お母さんが初めての女になってあげる 艶堂しほり.mp4,1/1,G:\Shared drives\Dexter_N_01\TG_JAPAN\【中文字幕】A~Z 跟新到9 2\【中文字幕】N~O 系列\【中文字幕】OKSN-266 お母さんが初めての女になってあげる 艶堂しほり\【中文字幕】OKSN-266 お母さんが初めての女になってあげる 艶堂しほり.mp4
OKS-093,【中文字幕】OKS-093 濡れてテカってピッタリ密着 神スク水 永瀬ゆい 可愛い女子のスクール水着姿をじっとりと堪能！ 永瀬ゆい.mp4,1/1,G:\Shared drives\Dexter_N_01\TG_JAPAN\【中文字幕】A~Z 跟新到9 2\【中文字幕】N~O 系列\【中文字幕】OKS-093 濡れてテカってピッタリ密着 神スク水 永瀬ゆい 可愛い女子のスクール水着姿をじっとりと堪能！ 永瀬ゆい\【中文字幕】OKS-093 濡れてテカってピッタリ密着 神スク水 永瀬ゆい 可愛い女子のスクール水着姿をじっとりと堪能！ 永瀬ゆい.mp4
OBA-334,【中文字幕】OBA-334 息子の同級生に毎日輪姦されています。 藤澤美織.mp4,1/1,G:\Shared drives\Dexter_N_01\TG_JAPAN\【中文字幕】A~Z 跟新到9 2\【中文字幕】N~O 系列\【中文字幕】OBA-334 息子の同級生に毎日輪姦されています。 藤澤美織\【中文字幕】OBA-334 息子の同級生に毎日輪姦されています。 藤澤美織.mp4
OBA-327,【中文字幕】OBA-327 母さんをDQNの先輩に差し出したら家事放棄して帰ってこなくなった。 藤澤美織.mp4,1/1,G:\Shared drives\Dexter_N_01\TG_JAPAN\【中文字幕】A~Z 跟新到9 2\【中文字幕】N~O 系列\【中文字幕】OBA-327 母さんをDQNの先輩に差し出したら家事放棄して帰ってこなくなった。 藤澤美織\【中文字幕】OBA-327 母さんをDQNの先輩に差し出したら家事放棄して帰ってこなくなった。 藤澤美織.mp4
NTR-058,【中文字幕】NTR-058 夫の部下に毎晩寝取られ続けて、快楽に堕ちてゆく熟れた躰の不貞妻 レンタル版 坂本すみれ.mp4,1/1,G:\Shared drives\Dexter_N_01\TG_JAPAN\【中文字幕】A~Z 跟新到9 2\【中文字幕】N~O 系列\【中文字幕】NTR-058 夫の部下に毎晩寝取られ続けて、快楽に堕ちてゆく熟れた躰の不貞妻 レンタル版 坂本すみれ\【中文字幕】NTR-058 夫の部下に毎晩寝取られ続けて、快楽に堕ちてゆく熟れた躰の不貞妻 レンタル版 坂本すみれ.mp4
NSPS-912,【中文字幕】NSPS-912 夫がいるときの昼下がり 背徳の接吻SEX 羽田希.mp4,1/1,G:\Shared drives\Dexter_N_01\TG_JAPAN\【中文字幕】A~Z 跟新到9 2\【中文字幕】N~O 系列\【中文字幕】NSPS-912 夫がいるときの昼下がり 背徳の接吻SEX 羽田希\【中文字幕】NSPS-912 夫がいるときの昼下がり 背徳の接吻SEX 羽田希.mp4
NSPS-908,【中文字幕】NSPS-908 肉体労働者にメチャクチャに汚された妻 2 ~妻のアソコは使い捨てのオナホールのように扱われました~ 紺野ひかる.mp4,1/1,G:\Shared drives\Dexter_N_01\TG_JAPAN\【中文字幕】A~Z 跟新到9 2\【中文字幕】N~O 系列\【中文字幕】NSPS-908 肉体労働者にメチャクチャに汚された妻 2 ~妻のアソコは使い捨てのオナホールのように扱われました~ 紺野ひかる\【中文字幕】NSPS-908 肉体労働者にメチャクチャに汚された妻 2 ~妻のアソコは使い捨てのオナホールのように扱われました~ 紺野ひかる.mp4
NSPS-782,【中文字幕】NSPS-782 権力強姦 ~仕事のため、結婚相手の前で上司とファックした女~ 浜崎真緒.mp4,1/1,G:\Shared drives\Dexter_N_01\TG_JAPAN\【中文字幕】A~Z 跟新到9 2\【中文字幕】N~O 系列\【中文字幕】NSPS-782 権力強姦 ~仕事のため、結婚相手の前で上司とファックした女~ 浜崎真緒\【中文字幕】NSPS-782 権力強姦 ~仕事のため、結婚相手の前で上司とファックした女~ 浜崎真緒.mp4
NITR-312,【中文字幕】NITR-312 近親妊姦~夫に内緒で義父と妊活情事をくりかえす嫁~ 波多野結衣.mp4,1/1,G:\Shared drives\Dexter_N_01\TG_JAPAN\【中文字幕】A~Z 跟新到9 2\【中文字幕】N~O 系列\【中文字幕】NITR-312 近親妊姦~夫に内緒で義父と妊活情事をくりかえす嫁~ 波多野結衣\【中文字幕】NITR-312 近親妊姦~夫に内緒で義父と妊活情事をくりかえす嫁~ 波多野結衣.mp4
NHDTB-198,【中文字幕】NHDTB-198 2穴バイブ固定歩行痴漢2 2穴中出し SP.mp4,1/1,G:\Shared drives\Dexter_N_01\TG_JAPAN\【中文字幕】A~Z 跟新到9 2\【中文字幕】N~O 系列\【中文字幕】NHDTB-198 2穴バイブ固定歩行痴漢2 2穴中出し SP\【中文字幕】NHDTB-198 2穴バイブ固定歩行痴漢2 2穴中出し SP.mp4
NDRA-032,【中文字幕】NDRA-032 うっウチの嫁さんが九州から職探しに上京した甥っ子(25歳童貞)にねとられた模様です… 北川エリカ.mp4,1/1,G:\Shared drives\Dexter_N_01\TG_JAPAN\【中文字幕】A~Z 跟新到9 2\【中文字幕】N~O 系列\【中文字幕】NDRA-032 うっウチの嫁さんが九州から職探しに上京した甥っ子(25歳童貞)にねとられた模様です… 北川エリカ\【中文字幕】NDRA-032 うっウチの嫁さんが九州から職探しに上京した甥っ子(25歳童貞)にねとられた模様です… 北川エリカ.mp4
NATR-534,【中文字幕】NATR-534 兄嫁 艶堂しほり.mp4,1/1,G:\Shared drives\Dexter_N_01\TG_JAPAN\【中文字幕】A~Z 跟新到9 2\【中文字幕】N~O 系列\【中文字幕】NATR-534 兄嫁 艶堂しほり\【中文字幕】NATR-534 兄嫁 艶堂しほり.mp4
NACS-004,【中文字幕】NACS-004 暴かれた愛欲 二度堕ちた昼顔妻 水野朝陽.mp4,1/1,G:\Shared drives\Dexter_N_01\TG_JAPAN\【中文字幕】A~Z 跟新到9 2\【中文字幕】N~O 系列\【中文字幕】NACS-004 暴かれた愛欲 二度堕ちた昼顔妻 水野朝陽\【中文字幕】NACS-004 暴かれた愛欲 二度堕ちた昼顔妻 水野朝陽.mp4
MEYD-183,【中文字幕】MEYD-183 本番なしのマットヘルスに行って出てきたのは隣家の高慢な美人妻。弱みを握った僕は本番も中出しも強要！店外でも言いなりの性奴隷にした 東凛.mp4,1/1,G:\Shared drives\Dexter_N_01\TG_JAPAN\【中文字幕】A~Z 跟新到9 2\【中文字幕】MEYD\【中文字幕】MEYD-183 本番なしのマットヘルスに行って出てきたのは隣家の高慢な美人妻。弱みを握った僕は本番も中出しも強要！店外でも言いなりの性奴隷にした 東凛\【中文字幕】MEYD-183 本番なしのマットヘルスに行って出てきたのは隣家の高慢な美人妻。弱みを握った僕は本番も中出しも強要！店外でも言いなりの性奴隷にした 東凛.mp4
HNDS-055,【中文字幕】HNDS-055 ラッキー中出し 思春期の妹と友達が泊まりに来て全員に告白されたから子作り.mp4,1/1,G:\Shared drives\Dexter_N_01\TG_JAPAN\【中文字幕】A~Z 跟新到9 2\【中文字幕】HND\【中文字幕】HNDS-055 ラッキー中出し 思春期の妹と友達が泊まりに来て全員に告白されたから子作り\【中文字幕】HNDS-055 ラッキー中出し 思春期の妹と友達が泊まりに来て全員に告白されたから子作り.mp4
HND-368,【中文字幕】HND-368 彼女の妹に愛されすぎてこっそり子作り性活 跡美しゅり.mp4,1/1,G:\Shared drives\Dexter_N_01\TG_JAPAN\【中文字幕】A~Z 跟新到9 2\【中文字幕】HND\【中文字幕】HND-368 彼女の妹に愛されすぎてこっそり子作り性活 跡美しゅり\【中文字幕】HND-368 彼女の妹に愛されすぎてこっそり子作り性活 跡美しゅり.mp4
HND-185,【中文字幕】HND-185 神尻 本物中出し解禁！！ 神ユキ.mp4,1/1,G:\Shared drives\Dexter_N_01\TG_JAPAN\【中文字幕】A~Z 跟新到9 2\【中文字幕】HND\【中文字幕】HND-185 神尻 本物中出し解禁！！ 神ユキ\【中文字幕】HND-185 神尻 本物中出し解禁！！ 神ユキ.mp4
HND-181,【中文字幕】HND-181 壁にはまって出れない!! 【アウトレット】 上原亜衣.mp4,1/1,G:\Shared drives\Dexter_N_01\TG_JAPAN\【中文字幕】A~Z 跟新到9 2\【中文字幕】HND\【中文字幕】HND-181 壁にはまって出れない!! 【アウトレット】 上原亜衣\【中文字幕】HND-181 壁にはまって出れない!! 【アウトレット】 上原亜衣.mp4
C-653,c653b612b993e463a35e26e6de7f681f_1521879365055.mp4,1/1,G:\Shared drives\Dexter_N_01\TG_JAPAN\PR社-网红呆萌橘子酱a图视合集78套[28.5G]\出处吧\782873951\呆萌橘子酱aa\8.29\c653b612b993e463a35e26e6de7f681f_1521879365055.mp4
C-5147,10c5147abeee4df48284aca67d229936.mp4,1/1,G:\Shared drives\Dexter_N_01\TG_JAPAN\PR社-网红呆萌橘子酱a图视合集78套[28.5G]\出处吧\782873951\呆萌橘子酱aa\7.22\10c5147abeee4df48284aca67d229936.mp4
C-263,c1c263c1769862326f979d961e32f0b9.mp4,1/1,G:\Shared drives\Dexter_N_01\TG_JAPAN\PR社-网红呆萌橘子酱a图视合集78套[28.5G]\出处吧\782873951\呆萌橘子酱aa\7.22\c1c263c1769862326f979d961e32f0b9.mp4
C-41847,28c41847b7ad794ed60ba1a4c0a2b090.mp4,1/1,G:\Shared drives\Dexter_N_01\TG_JAPAN\PR社-网红呆萌橘子酱a图视合集78套[28.5G]\出处吧\782873951\呆萌橘子酱aa\4.02\28c41847b7ad794ed60ba1a4c0a2b090.mp4
C-8625,c8625abfb7a3a8315899df0a6c11395c.mp4,1/1,G:\Shared drives\Dexter_N_01\TG_JAPAN\PR社-网红呆萌橘子酱a图视合集78套[28.5G]\出处吧\782873951\呆萌橘子酱aa\9.14\c8625abfb7a3a8315899df0a6c11395c.mp4
C-02,663e1e2c02b0e32e52d05dbb97836a00.mp4,1/1,G:\Shared drives\Dexter_N_01\TG_JAPAN\PR社-网红呆萌橘子酱a图视合集78套[28.5G]\出处吧\782873951\呆萌橘子酱aa\9.29\663e1e2c02b0e32e52d05dbb97836a00.mp4
C-21696,5cc0c21696fa57bee3631c3813643566.mp4,1/1,G:\Shared drives\Dexter_N_01\TG_JAPAN\PR社-网红呆萌橘子酱a图视合集78套[28.5G]\出处吧\782873951\呆萌橘子酱aa\7.18\5cc0c21696fa57bee3631c3813643566.mp4
ZEAA-44,ZEAA-44 縛られ願望の人妻を緊縛プレス 小日向まい.mp4,1/1,G:\Shared drives\Dexter_N_01\TG_JAPAN\a's'd'f\ZEAA-44 縛られ願望の人妻を緊縛プレス 小日向まい.mp4
FUGA-38,FUGA-38 同窓会で久しぶりに元彼と再会した私は、夫が出張でいないこの3日間…彼に中出しされて何度もイキました。 水野優香.mp4,1/1,G:\Shared drives\Dexter_N_01\TG_JAPAN\a's'd'f\FUGA-38 同窓会で久しぶりに元彼と再会した私は、夫が出張でいないこの3日間…彼に中出しされて何度もイキました。 水野優香.mp4
KIMU-001,KIMU-001 従妹とコンドームも着けずにした欲望剥き出しの生娘性交記録 両親がいない実家で一週間、夢みたいな2人だけの気持ちいい秘密の思い出 永瀬ゆい.mp4,1/1,G:\Shared drives\Dexter_N_01\TG_JAPAN\a's'd'f\KIMU-001 従妹とコンドームも着けずにした欲望剥き出しの生娘性交記録 両親がいない実家で一週間、夢みたいな2人だけの気持ちいい秘密の思い出 永瀬ゆい.mp4
DV-1682,[HD中文字幕]DV-1682 つかさとの身がもたない新婚生活 葵つかさ【色花堂】.mp4,1/2,G:\Shared drives\Dexter_N_01\TG_JAPAN\a's'd'f\[HD中文字幕]DV-1682 つかさとの身がもたない新婚生活 葵つかさ【色花堂】.mp4
DV-1673,[HD中文字幕]DV-1673 私を犯した叔父と10年ぶりに再会 葵つかさ【色花堂】.mp4,1/2,G:\Shared drives\Dexter_N_01\TG_JAPAN\a's'd'f\[HD中文字幕]DV-1673 私を犯した叔父と10年ぶりに再会 葵つかさ【色花堂】.mp4
PPT-055,PPT-055 長谷川るい 8時間 BEST PRESTIGE PREMIUM TREASURE VOL.04 観たら‘絶対’好きになる！！480分るいぽん！7作品＋未公開映像 4.mp4,1/4,G:\Shared drives\Dexter_N_01\TG_JAPAN\a's'd'f\PPT-055 長谷川るい 8時間 BEST PRESTIGE PREMIUM TREASURE VOL.04 観たら‘絶対’好きになる！！480分るいぽん！7作品＋未公開映像 4.mp4
PPT-055,PPT-055 長谷川るい 8時間 BEST PRESTIGE PREMIUM TREASURE VOL.04 観たら‘絶対’好きになる！！480分るいぽん！7作品＋未公開映像 2.mp4,2/4,G:\Shared drives\Dexter_N_01\TG_JAPAN\a's'd'f\PPT-055 長谷川るい 8時間 BEST PRESTIGE PREMIUM TREASURE VOL.04 観たら‘絶対’好きになる！！480分るいぽん！7作品＋未公開映像 2.mp4
PPT-055,PPT-055 長谷川るい 8時間 BEST PRESTIGE PREMIUM TREASURE VOL.04 観たら‘絶対’好きになる！！480分るいぽん！7作品＋未公開映像 3.mp4,3/4,G:\Shared drives\Dexter_N_01\TG_JAPAN\a's'd'f\PPT-055 長谷川るい 8時間 BEST PRESTIGE PREMIUM TREASURE VOL.04 観たら‘絶対’好きになる！！480分るいぽん！7作品＋未公開映像 3.mp4
PPT-055,PPT-055 長谷川るい 8時間 BEST PRESTIGE PREMIUM TREASURE VOL.04 観たら‘絶対’好きになる！！480分るいぽん！7作品＋未公開映像 1.mp4,4/4,G:\Shared drives\Dexter_N_01\TG_JAPAN\a's'd'f\PPT-055 長谷川るい 8時間 BEST PRESTIGE PREMIUM TREASURE VOL.04 観たら‘絶対’好きになる！！480分るいぽん！7作品＋未公開映像 1.mp4
DVAJ-041,DVAJ-041 最終連続絶頂アクメ 葵つかさ.mp4,1/1,G:\Shared drives\Dexter_N_01\TG_JAPAN\a's'd'f\DVAJ-041 最終連続絶頂アクメ 葵つかさ.mp4
DVAJ-033,DVAJ-033 下着姿でうろつく姉 葵つかさ.mp4,1/1,G:\Shared drives\Dexter_N_01\TG_JAPAN\a's'd'f\DVAJ-033 下着姿でうろつく姉 葵つかさ.mp4
DVAJ-025,DVAJ-025 vs黒人 葵つかさ.mp4,1/1,G:\Shared drives\Dexter_N_01\TG_JAPAN\a's'd'f\DVAJ-025 vs黒人 葵つかさ.mp4
DVAJ-016,DVAJ-016 完全主観でレイプされる葵つかさ.mp4,1/1,G:\Shared drives\Dexter_N_01\TG_JAPAN\a's'd'f\DVAJ-016 完全主観でレイプされる葵つかさ.mp4
DV-1682,[HD]DV-1682 つかさとの身がもたない新婚生活 葵つかさ.mp4,2/2,G:\Shared drives\Dexter_N_01\TG_JAPAN\a's'd'f\[HD]DV-1682 つかさとの身がもたない新婚生活 葵つかさ.mp4
DV-1690,[HD]DV-1690 3回射精したら無料になる風俗店 in 葵つかさ.mp4,1/1,G:\Shared drives\Dexter_N_01\TG_JAPAN\a's'd'f\[HD]DV-1690 3回射精したら無料になる風俗店 in 葵つかさ.mp4
DV-1673,[HD]DV-1673 私を犯した叔父と10年ぶりに再会 葵つかさ.mp4,2/2,G:\Shared drives\Dexter_N_01\TG_JAPAN\a's'd'f\[HD]DV-1673 私を犯した叔父と10年ぶりに再会 葵つかさ.mp4
DV-1665,[HD]DV-1665 オンリー騎乗位 葵つかさ.mp4,1/1,G:\Shared drives\Dexter_N_01\TG_JAPAN\a's'd'f\[HD]DV-1665 オンリー騎乗位 葵つかさ.mp4
KIMU-001,KIMU-001 従妹とコンドームも着けずにした欲望剥き出しの生娘性交記録 両親がいない実家で一週間、夢みたいな2人だけの気持ちいい秘密の思い出 永瀬ゆい.mp4,1/1,G:\Shared drives\Dexter_N_01\TG_JAPAN\test\KIMU-001 従妹とコンドームも着けずにした欲望剥き出しの生娘性交記録 両親がいない実家で一週間、夢みたいな2人だけの気持ちいい秘密の思い出 永瀬ゆい.mp4
DV-1682,[HD中文字幕]DV-1682 つかさとの身がもたない新婚生活 葵つかさ【色花堂】.mp4,1/2,G:\Shared drives\Dexter_N_01\TG_JAPAN\test\[HD中文字幕]DV-1682 つかさとの身がもたない新婚生活 葵つかさ【色花堂】.mp4
DV-1673,[HD中文字幕]DV-1673 私を犯した叔父と10年ぶりに再会 葵つかさ【色花堂】.mp4,1/2,G:\Shared drives\Dexter_N_01\TG_JAPAN\test\[HD中文字幕]DV-1673 私を犯した叔父と10年ぶりに再会 葵つかさ【色花堂】.mp4
PPT-055,PPT-055 長谷川るい 8時間 BEST PRESTIGE PREMIUM TREASURE VOL.04 観たら‘絶対’好きになる！！480分るいぽん！7作品＋未公開映像 4.mp4,1/4,G:\Shared drives\Dexter_N_01\TG_JAPAN\test\PPT-055 長谷川るい 8時間 BEST PRESTIGE PREMIUM TREASURE VOL.04 観たら‘絶対’好きになる！！480分るいぽん！7作品＋未公開映像 4.mp4
PPT-055,PPT-055 長谷川るい 8時間 BEST PRESTIGE PREMIUM TREASURE VOL.04 観たら‘絶対’好きになる！！480分るいぽん！7作品＋未公開映像 2.mp4,2/4,G:\Shared drives\Dexter_N_01\TG_JAPAN\test\PPT-055 長谷川るい 8時間 BEST PRESTIGE PREMIUM TREASURE VOL.04 観たら‘絶対’好きになる！！480分るいぽん！7作品＋未公開映像 2.mp4
PPT-055,PPT-055 長谷川るい 8時間 BEST PRESTIGE PREMIUM TREASURE VOL.04 観たら‘絶対’好きになる！！480分るいぽん！7作品＋未公開映像 3.mp4,3/4,G:\Shared drives\Dexter_N_01\TG_JAPAN\test\PPT-055 長谷川るい 8時間 BEST PRESTIGE PREMIUM TREASURE VOL.04 観たら‘絶対’好きになる！！480分るいぽん！7作品＋未公開映像 3.mp4
PPT-055,PPT-055 長谷川るい 8時間 BEST PRESTIGE PREMIUM TREASURE VOL.04 観たら‘絶対’好きになる！！480分るいぽん！7作品＋未公開映像 1.mp4,4/4,G:\Shared drives\Dexter_N_01\TG_JAPAN\test\PPT-055 長谷川るい 8時間 BEST PRESTIGE PREMIUM TREASURE VOL.04 観たら‘絶対’好きになる！！480分るいぽん！7作品＋未公開映像 1.mp4
DVAJ-041,DVAJ-041 最終連続絶頂アクメ 葵つかさ.mp4,1/1,G:\Shared drives\Dexter_N_01\TG_JAPAN\test\DVAJ-041 最終連続絶頂アクメ 葵つかさ.mp4
DVAJ-033,DVAJ-033 下着姿でうろつく姉 葵つかさ.mp4,1/1,G:\Shared drives\Dexter_N_01\TG_JAPAN\test\DVAJ-033 下着姿でうろつく姉 葵つかさ.mp4
DVAJ-025,DVAJ-025 vs黒人 葵つかさ.mp4,1/1,G:\Shared drives\Dexter_N_01\TG_JAPAN\test\DVAJ-025 vs黒人 葵つかさ.mp4
DVAJ-016,DVAJ-016 完全主観でレイプされる葵つかさ.mp4,1/1,G:\Shared drives\Dexter_N_01\TG_JAPAN\test\DVAJ-016 完全主観でレイプされる葵つかさ.mp4
DV-1682,[HD]DV-1682 つかさとの身がもたない新婚生活 葵つかさ.mp4,2/2,G:\Shared drives\Dexter_N_01\TG_JAPAN\test\[HD]DV-1682 つかさとの身がもたない新婚生活 葵つかさ.mp4
DV-1690,[HD]DV-1690 3回射精したら無料になる風俗店 in 葵つかさ.mp4,1/1,G:\Shared drives\Dexter_N_01\TG_JAPAN\test\[HD]DV-1690 3回射精したら無料になる風俗店 in 葵つかさ.mp4
DV-1673,[HD]DV-1673 私を犯した叔父と10年ぶりに再会 葵つかさ.mp4,2/2,G:\Shared drives\Dexter_N_01\TG_JAPAN\test\[HD]DV-1673 私を犯した叔父と10年ぶりに再会 葵つかさ.mp4
DV-1665,[HD]DV-1665 オンリー騎乗位 葵つかさ.mp4,1/1,G:\Shared drives\Dexter_N_01\TG_JAPAN\test\[HD]DV-1665 オンリー騎乗位 葵つかさ.mp4
FUGA-38,FUGA-38 同窓会で久しぶりに元彼と再会した私は、夫が出張でいないこの3日間…彼に中出しされて何度もイキました。 水野優香.mp4,1/1,G:\Shared drives\Dexter_N_01\TG_JAPAN\test\FUGA-38 同窓会で久しぶりに元彼と再会した私は、夫が出張でいないこの3日間…彼に中出しされて何度もイキました。 水野優香.mp4
DVAJ-016,DVAJ-016 完全主観でレイプされる葵つかさ.mp4,1/1,G:\Shared drives\Dexter_N_01\TG_JAPAN\52整理\DVAJ-016 完全主観でレイプされる葵つかさ.mp4
KIMU-001,KIMU-001 従妹とコンドームも着けずにした欲望剥き出しの生娘性交記録 両親がいない実家で一週間、夢みたいな2人だけの気持ちいい秘密の思い出 永瀬ゆい.mp4,1/1,G:\Shared drives\Dexter_N_01\TG_JAPAN\52整理\KIMU-001 従妹とコンドームも着けずにした欲望剥き出しの生娘性交記録 両親がいない実家で一週間、夢みたいな2人だけの気持ちいい秘密の思い出 永瀬ゆい.mp4
FUGA-38,FUGA-38 同窓会で久しぶりに元彼と再会した私は、夫が出張でいないこの3日間…彼に中出しされて何度もイキました。 水野優香.mp4,1/1,G:\Shared drives\Dexter_N_01\TG_JAPAN\52整理\FUGA-38 同窓会で久しぶりに元彼と再会した私は、夫が出張でいないこの3日間…彼に中出しされて何度もイキました。 水野優香.mp4
DVAJ-041,DVAJ-041 最終連続絶頂アクメ 葵つかさ.mp4,1/1,G:\Shared drives\Dexter_N_01\TG_JAPAN\52整理\DVAJ-041 最終連続絶頂アクメ 葵つかさ.mp4
DVAJ-025,DVAJ-025 vs黒人 葵つかさ.mp4,1/1,G:\Shared drives\Dexter_N_01\TG_JAPAN\52整理\DVAJ-025 vs黒人 葵つかさ.mp4
DVAJ-033,DVAJ-033 下着姿でうろつく姉 葵つかさ.mp4,1/1,G:\Shared drives\Dexter_N_01\TG_JAPAN\52整理\DVAJ-033 下着姿でうろつく姉 葵つかさ.mp4
DV-1682,[HD中文字幕]DV-1682 つかさとの身がもたない新婚生活 葵つかさ【色花堂】.mp4,1/2,G:\Shared drives\Dexter_N_01\TG_JAPAN\52整理\[HD中文字幕]DV-1682 つかさとの身がもたない新婚生活 葵つかさ【色花堂】.mp4
DV-1673,[HD中文字幕]DV-1673 私を犯した叔父と10年ぶりに再会 葵つかさ【色花堂】.mp4,1/2,G:\Shared drives\Dexter_N_01\TG_JAPAN\52整理\[HD中文字幕]DV-1673 私を犯した叔父と10年ぶりに再会 葵つかさ【色花堂】.mp4
DV-1690,[HD]DV-1690 3回射精したら無料になる風俗店 in 葵つかさ.mp4,1/1,G:\Shared drives\Dexter_N_01\TG_JAPAN\52整理\[HD]DV-1690 3回射精したら無料になる風俗店 in 葵つかさ.mp4
DV-1673,[HD]DV-1673 私を犯した叔父と10年ぶりに再会 葵つかさ.mp4,2/2,G:\Shared drives\Dexter_N_01\TG_JAPAN\52整理\[HD]DV-1673 私を犯した叔父と10年ぶりに再会 葵つかさ.mp4
DV-1665,[HD]DV-1665 オンリー騎乗位 葵つかさ.mp4,1/1,G:\Shared drives\Dexter_N_01\TG_JAPAN\52整理\[HD]DV-1665 オンリー騎乗位 葵つかさ.mp4
DV-1682,[HD]DV-1682 つかさとの身がもたない新婚生活 葵つかさ.mp4,2/2,G:\Shared drives\Dexter_N_01\TG_JAPAN\52整理\[HD]DV-1682 つかさとの身がもたない新婚生活 葵つかさ.mp4
ZEAA-44,ZEAA-44 縛られ願望の人妻を緊縛プレス 小日向まい.mp4,1/1,G:\Shared drives\Dexter_N_01\TG_JAPAN\52整理\ZEAA-44 縛られ願望の人妻を緊縛プレス 小日向まい.mp4
PPT-055,PPT-055 長谷川るい 8時間 BEST PRESTIGE PREMIUM TREASURE VOL.04 観たら‘絶対’好きになる！！480分るいぽん！7作品＋未公開映像 4.mp4,1/4,G:\Shared drives\Dexter_N_01\TG_JAPAN\52整理\PPT-055 長谷川るい 8時間 BEST PRESTIGE PREMIUM TREASURE VOL.04 観たら‘絶対’好きになる！！480分るいぽん！7作品＋未公開映像 4.mp4
PPT-055,PPT-055 長谷川るい 8時間 BEST PRESTIGE PREMIUM TREASURE VOL.04 観たら‘絶対’好きになる！！480分るいぽん！7作品＋未公開映像 2.mp4,2/4,G:\Shared drives\Dexter_N_01\TG_JAPAN\52整理\PPT-055 長谷川るい 8時間 BEST PRESTIGE PREMIUM TREASURE VOL.04 観たら‘絶対’好きになる！！480分るいぽん！7作品＋未公開映像 2.mp4
PPT-055,PPT-055 長谷川るい 8時間 BEST PRESTIGE PREMIUM TREASURE VOL.04 観たら‘絶対’好きになる！！480分るいぽん！7作品＋未公開映像 3.mp4,3/4,G:\Shared drives\Dexter_N_01\TG_JAPAN\52整理\PPT-055 長谷川るい 8時間 BEST PRESTIGE PREMIUM TREASURE VOL.04 観たら‘絶対’好きになる！！480分るいぽん！7作品＋未公開映像 3.mp4
PPT-055,PPT-055 長谷川るい 8時間 BEST PRESTIGE PREMIUM TREASURE VOL.04 観たら‘絶対’好きになる！！480分るいぽん！7作品＋未公開映像 1.mp4,4/4,G:\Shared drives\Dexter_N_01\TG_JAPAN\52整理\PPT-055 長谷川るい 8時間 BEST PRESTIGE PREMIUM TREASURE VOL.04 観たら‘絶対’好きになる！！480分るいぽん！7作品＋未公開映像 1.mp4
SGA-075,SGA-075 最高の愛人と、最高の中出し性交。9.mp4,1/1,G:\Shared drives\Dexter_N_01\TG_JAPAN\31\SGA系列 最高の愛人と、最高の中出し性交。\SGA-075 最高の愛人と、最高の中出し性交。9\SGA-075 最高の愛人と、最高の中出し性交。9.mp4
JAN-017,JAN-017 制服の中のE みきちゃん 17.mp4,1/1,G:\Shared drives\Dexter_N_01\TG_JAPAN\31\JAN系列 制服の中のE\JAN-017 制服の中のE みきちゃん 17\JAN-017 制服の中のE みきちゃん 17.mp4
JAN-016,0 FHD 制服之內的乳房(C奶)16   JAN-016.mp4,1/1,G:\Shared drives\Dexter_N_01\TG_JAPAN\31\JAN系列 制服の中のE\JAN-016 制服の中のC えりか 16\0 FHD 制服之內的乳房(C奶)16   JAN-016.mp4
AMA-001,AMA-001 SEXの逸材。ドスケベ素人の衝撃的試し撮り 性癖をこじらせてプレステージに自らやって来た本物素人さんの顛末。 VOL.01 cd1.mp4,1/2,G:\Shared drives\Dexter_N_01\TG_JAPAN\31\AMA系列 SEXの逸材。素人 第一次的業餘拍攝\AMA-001 SEXの逸材。ドスケベ素人の衝撃的試し撮り 性癖をこじらせてプレステージに自らやって来た本物素人さんの顛末。 VOL.01\AMA-001 SEXの逸材。ドスケベ素人の衝撃的試し撮り 性癖をこじらせてプレステージに自らやって来た本物素人さんの顛末。 VOL.01 cd1.mp4
AMA-001,AMA-001 SEXの逸材。ドスケベ素人の衝撃的試し撮り 性癖をこじらせてプレステージに自らやって来た本物素人さんの顛末。 VOL.01 cd2.mp4,2/2,G:\Shared drives\Dexter_N_01\TG_JAPAN\31\AMA系列 SEXの逸材。素人 第一次的業餘拍攝\AMA-001 SEXの逸材。ドスケベ素人の衝撃的試し撮り 性癖をこじらせてプレステージに自らやって来た本物素人さんの顛末。 VOL.01\AMA-001 SEXの逸材。ドスケベ素人の衝撃的試し撮り 性癖をこじらせてプレステージに自らやって来た本物素人さんの顛末。 VOL.01 cd2.mp4
PRED-066,2 FHD 社團集訓橫刀奪愛～排球部的女友和絕倫成員的中出映像～   pred-066.mp4,1/1,G:\Shared drives\Dexter_N_01\TG_JAPAN\31\PRED系列\PRED-066 部活合宿NTR ～バレー部の彼女と絶倫部員の最低な浮気中出し映像～\2 FHD 社團集訓橫刀奪愛～排球部的女友和絕倫成員的中出映像～   pred-066.mp4
PRED-067,PRED-067 あの年末の人気格闘技イベントでも活躍！現役ラウンドガールAV出演！.mp4,1/1,G:\Shared drives\Dexter_N_01\TG_JAPAN\31\PRED系列\PRED-067 あの年末の人気格闘技イベントでも活躍！現役ラウンドガールAV出演！\PRED-067 あの年末の人気格闘技イベントでも活躍！現役ラウンドガールAV出演！.mp4
MGT-046,MGT-046 街角シロウトナンパ！vol.26ガールズバー編a.mp4,1/2,G:\Shared drives\Dexter_N_01\TG_JAPAN\31\MGT系列 街角シロウトナンパ！\MGT-046 街角シロウトナンパ！vol.26ガールズバー編\MGT-046 街角シロウトナンパ！vol.26ガールズバー編a.mp4
MGT-046,MGT-046 街角シロウトナンパ！vol.26ガールズバー編b.mp4,2/2,G:\Shared drives\Dexter_N_01\TG_JAPAN\31\MGT系列 街角シロウトナンパ！\MGT-046 街角シロウトナンパ！vol.26ガールズバー編\MGT-046 街角シロウトナンパ！vol.26ガールズバー編b.mp4
XV-763,XV-763 MAX GIRLS 19 B.wmv,1/4,G:\Shared drives\Dexter_N_01\TG_JAPAN\31\MAX GIRLS\XV-763 MAX GIRLS 19\XV-763 MAX GIRLS 19 B.wmv
XV-763,XV-763 MAX GIRLS 19 D.wmv,2/4,G:\Shared drives\Dexter_N_01\TG_JAPAN\31\MAX GIRLS\XV-763 MAX GIRLS 19\XV-763 MAX GIRLS 19 D.wmv
XV-763,XV-763 MAX GIRLS 19 C.wmv,3/4,G:\Shared drives\Dexter_N_01\TG_JAPAN\31\MAX GIRLS\XV-763 MAX GIRLS 19\XV-763 MAX GIRLS 19 C.wmv
XV-763,XV-763 MAX GIRLS 19 A.wmv,4/4,G:\Shared drives\Dexter_N_01\TG_JAPAN\31\MAX GIRLS\XV-763 MAX GIRLS 19\XV-763 MAX GIRLS 19 A.wmv
HND-464,HND-464 出会って即生ハメ！即中イキッ！中出し直後のビクッビクンってイッてる時に激ピストン再開！ 「もうイッてるってばぁ！」抵抗を無視して追撃ピストン連続中出し！！ 河南実里.mp4,1/1,G:\Shared drives\Dexter_N_01\TG_JAPAN\31\HND系列 出会って即生ハメ！即中イキッ！\HND-464 出会って即生ハメ！即中イキッ！中出し直後のビクッビクンってイッてる時に激ピストン再開！ 「もうイッてるってばぁ！」抵抗を無視して追撃ピストン連続中出し！！ 河南実里\HND-464 出会って即生ハメ！即中イキッ！中出し直後のビクッビクンってイッてる時に激ピストン再開！ 「もうイッてるってばぁ！」抵抗を無視して追撃ピストン連続中出し！！ 河南実里.mp4
HND-483,HND-483 出会って即生ハメ！即中イキッ！中出し直後のビクッビクンってイッてる時に激ピストン再開！ 「もうイッてるってばぁ！」抵抗を無視して追撃ピストン連続中出し！！ 西原ゆう.mp4,1/1,G:\Shared drives\Dexter_N_01\TG_JAPAN\31\HND系列 出会って即生ハメ！即中イキッ！\HND-483 出会って即生ハメ！即中イキッ！中出し直後のビクッビクンってイッてる時に激ピストン再開！ 「もうイッてるってばぁ！」抵抗を無視して追撃ピストン連続中出し！！ 西原ゆう\HND-483 出会って即生ハメ！即中イキッ！中出し直後のビクッビクンってイッてる時に激ピストン再開！ 「もうイッてるってばぁ！」抵抗を無視して追撃ピストン連続中出し！！ 西原ゆう.mp4
ESK-284,ESK-284 エスカレートするドしろーと娘 284.mp4,1/1,G:\Shared drives\Dexter_N_01\TG_JAPAN\31\ESK系列 エスカレートするドしろーと娘\ESK-284 エスカレートするドしろーと娘 284\ESK-284 エスカレートするドしろーと娘 284.mp4
ESK-287,ESK-287 エスカレートするドしろーと娘 287.mp4,1/1,G:\Shared drives\Dexter_N_01\TG_JAPAN\31\ESK系列 エスカレートするドしろーと娘\ESK-287 エスカレートするドしろーと娘 287\ESK-287 エスカレートするドしろーと娘 287.mp4
ESK-288,ESK-288 エスカレートするドしろーと娘 288.mp4,1/1,G:\Shared drives\Dexter_N_01\TG_JAPAN\31\ESK系列 エスカレートするドしろーと娘\ESK-288 エスカレートするドしろーと娘 288\ESK-288 エスカレートするドしろーと娘 288.mp4
SW-617,SW-617 お兄ちゃん、妹のパンツだよ！妹のハミ尻パンチラがようしゃない！親が再婚し、カワ~リのハミ尻パンチラしまくりでお兄ちゃんはもう死にそうです。しかも『私以外の女のパン.mp4,1/1,G:\Shared drives\Dexter_N_01\TG_JAPAN\2019 1~3\春埼めい 白瀬ななみ\SW-617 お兄ちゃん、妹のパンツだよ！妹のハミ尻パンチラがようしゃない！親が再婚し、カワイ~でお兄ちゃんはもう死にそうです。しかも『私以外の女のパンツ見ちゃダメだよ。』 春埼めい\SW-617 お兄ちゃん、妹のパンツだよ！妹のハミ尻パンチラがようしゃない！親が再婚し、カワ~リのハミ尻パンチラしまくりでお兄ちゃんはもう死にそうです。しかも『私以外の女のパン.mp4
KANE-011,KANE-011 「実は私、セックス依存症です。」世田谷区在住セレブ人妻あおいさん24才（仮） 悶絶痙攣しながらチ○ポを求めるキンタマが空になるほどイイ女！旦那に内緒でkawaii出演.mp4,1/1,G:\Shared drives\Dexter_N_01\TG_JAPAN\2019 4~6\中条あおい\KANE-011 「実は私、セックス依存症です。」世田谷区在住セレブ人妻あおいさん24才（仮） 悶絶~攣しながらチ○ポを求めるキンタマが空になるほどイイ女！旦那に内緒でkawaii出演 中条あおい\KANE-011 「実は私、セックス依存症です。」世田谷区在住セレブ人妻あおいさん24才（仮） 悶絶痙攣しながらチ○ポを求めるキンタマが空になるほどイイ女！旦那に内緒でkawaii出演.mp4
SDNM-206,SDNM-206 愛する夫はアメリカ人、バイリンガルな国際結婚ワイフ。 野々宮蘭 31歳 最終章 「今~宮めがけて6発精子注入 精子を溜め込んだパッツパツ勃起チ○ポで排卵日に着床確実中出しSEX.mp4,1/1,G:\Shared drives\Dexter_N_01\TG_JAPAN\2019 4~6\野々宮蘭\SDNM-206 愛する夫はアメリカ人、バイリンガルな国際結婚ワイフ。 野々宮蘭 31歳 最終章 「今日~て6発精子注入 精子を溜め込んだパッツパツ勃起チ○ポで排卵日に着床確実中出しSEX 野々宮蘭\SDNM-206 愛する夫はアメリカ人、バイリンガルな国際結婚ワイフ。 野々宮蘭 31歳 最終章 「今~宮めがけて6発精子注入 精子を溜め込んだパッツパツ勃起チ○ポで排卵日に着床確実中出しSEX.mp4
SDNM-202,SDNM-202 愛する夫はアメリカ人、バイリンガルな国際結婚ワイフ。 野々宮蘭 31歳 第2章 「硬く~たい…」異国の旦那とはまるで違う日本人のかた～いデカチ○ポで何度も何度も痙攣絶頂SEX.mp4,1/1,G:\Shared drives\Dexter_N_01\TG_JAPAN\2019 4~6\野々宮蘭\SDNM-202 愛する夫はアメリカ人、バイリンガルな国際結婚ワイフ。 野々宮蘭 31歳 第2章 「硬くて~れたい…」異国の旦那とはまるで違う日本人のかた～いデカチ○ポで何度も何度も痙攣絶頂SEX\SDNM-202 愛する夫はアメリカ人、バイリンガルな国際結婚ワイフ。 野々宮蘭 31歳 第2章 「硬く~たい…」異国の旦那とはまるで違う日本人のかた～いデカチ○ポで何度も何度も痙攣絶頂SEX.mp4
GETS-129,GETS-129 非ヌキ系メンズエステでS系痴女妻に乳首性感開発されちゃった僕.mp4,1/1,G:\Shared drives\Dexter_N_01\TG_JAPAN\2019 7~9\森下美緒\GETS-129\GETS-129 非ヌキ系メンズエステでS系痴女妻に乳首性感開発されちゃった僕.mp4
T-55109,t55109x264.mp4,1/1,G:\Shared drives\Dexter_N_01\TG_JAPAN\AI Changed Faces Pack\唐嫣 带您享受高级日式服务\t55109x264.mp4
OKP-004,OKP-004 神パンスト 星乃華 人妻や母、働く制服OL等やらしい熟女の美脚を包んだ生ナマしいパンストを完全着衣で.mp4,1/1,G:\Shared drives\Dexter_N_01\TG_JAPAN\JAPAN\jv\【星乃華】OKP-004\OKP-004 神パンスト 星乃華 人妻や母、働く制服OL等やらしい熟女の美脚を包んだ生ナマしいパンストを完全着衣で.mp4
MAS-101,MAS-101 続・素人娘、お貸しします。 VOL.63.mp4,1/1,G:\Shared drives\Dexter_N_01\TG_JAPAN\JAPAN\jv\【柏木美玲】MAS-101\MAS-101 続・素人娘、お貸しします。 VOL.63.mp4
PRED-162,PRED-162 祝！デビュー2周年 美しすぎるレズ解禁！！ 山岸逢花.mp4,1/1,G:\Shared drives\Dexter_N_01\TG_JAPAN\JAPAN\jv\【山岸逢花 星奈あい 美谷朱里 あおいれな 大槻ひびき】PRED-162\PRED-162 祝！デビュー2周年 美しすぎるレズ解禁！！ 山岸逢花.mp4
DVAJ-244,dvaj-244.mkv,1/1,G:\Shared drives\Dexter_N_01\TG_JAPAN\女优合集 (1)\水野朝陽 (1)\dvaj-244.mkv
MIDD-787,MIDD-787.mp4,1/1,G:\Shared drives\Dexter_N_01\TG_JAPAN\女优合集 (1)\乃々果花\MIDD-787.mp4
CHD-1080,chd1080.com@300NTK-209.mp4,1/1,G:\Shared drives\Dexter_N_01\TG_JAPAN\女优合集 (1)\星川凛々花\(300NTK-209.miw1ncvc)現役テニサーJDのエビ反りガチ逝き性交！！\chd1080.com@300NTK-209.mp4
DVAJ-244,dvaj-244.mkv,1/1,G:\Shared drives\Dexter_N_01\TG_JAPAN\女优合集 (1)\水野朝陽\dvaj-244.mkv
PPPD-315,PPPD-315.wmv,1/1,G:\Shared drives\Dexter_N_01\TG_JAPAN\女优合集 (1)\茜あずさ\PPPD-315.wmv
DVAJ-203,DVAJ-203.mp4,1/1,G:\Shared drives\Dexter_N_01\TG_JAPAN\女优合集 (1)\佐々波綾\DVAJ-203.mp4
KV-156,Kv-156.mp4,1/1,G:\Shared drives\Dexter_N_01\TG_JAPAN\女优合集 (1)\篠田ゆう\Kv-156.mp4
CWPBD-99,CWPBD-99.mp4,1/1,G:\Shared drives\Dexter_N_01\TG_JAPAN\女优合集 (1)\篠田ゆう\CWPBD-99.mp4
K-03,h_haruka-k03.mp4,1/1,G:\Shared drives\Dexter_N_01\TG_JAPAN\女优合集 (1)\香澄はるか\Graphis 香澄はるか 初脫ぎ娘\h_haruka-k03.mp4
K-02,h_haruka-k02.mp4,1/1,G:\Shared drives\Dexter_N_01\TG_JAPAN\女优合集 (1)\香澄はるか\Graphis 香澄はるか 初脫ぎ娘\h_haruka-k02.mp4
K-01,h_haruka-k01.mp4,1/1,G:\Shared drives\Dexter_N_01\TG_JAPAN\女优合集 (1)\香澄はるか\Graphis 香澄はるか 初脫ぎ娘\h_haruka-k01.mp4
IENE-949,IENE-949 妹の友達ヤンキー娘に男はボク1人だけの王様ゲーム.mp4,1/1,G:\Shared drives\Dexter_N_01\TG_JAPAN\2018 其他\2018 多人運動\IENE-949 妹の友達ヤンキー娘に男はボク1人だけの王様ゲーム\IENE-949 妹の友達ヤンキー娘に男はボク1人だけの王様ゲーム.mp4
SQTE-205,SQTE-205 スケベでキレイなおねえさんのセックスの愉しみ方.mp4,1/1,G:\Shared drives\Dexter_N_01\TG_JAPAN\2018 其他\2018 多人運動\SQTE-205 スケベでキレイなおねえさんのセックスの愉しみ方\SQTE-205 スケベでキレイなおねえさんのセックスの愉しみ方.mp4
SQTE-225,SQTE-225 5分前までピュアでした。淫らな自分を解放していく純真美少女.mp4,1/1,G:\Shared drives\Dexter_N_01\TG_JAPAN\2018 其他\2018 多人運動\SQTE-225 5分前までピュアでした。淫らな自分を解放していく純真美少女\SQTE-225 5分前までピュアでした。淫らな自分を解放していく純真美少女.mp4
MUCD-200,MUCD-200 妹ぱらだいす！3 ～お兄ちゃんと5人の妹のすご～く！エッチしまくりな毎日～ 完全版.mp4,1/1,G:\Shared drives\Dexter_N_01\TG_JAPAN\2018 其他\2018 多人運動\MUCD-200 妹ぱらだいす！3 ～お兄ちゃんと5人の妹のすご～く！エッチしまくりな毎日～ 完全版\MUCD-200 妹ぱらだいす！3 ～お兄ちゃんと5人の妹のすご～く！エッチしまくりな毎日～ 完全版.mp4
MIZD-092,3 未] FHD 全方位集中攻擊敏感的點 讓你爽爽爆射BEST   mizd-092.mp4,1/1,G:\Shared drives\Dexter_N_01\TG_JAPAN\2018 其他\2018 多人運動\MIZD-092 全方位から敏感すぎるポイントだけを集中攻撃！！ハーレムチ○ポこねくり回しBEST\3 未] FHD 全方位集中攻擊敏感的點 讓你爽爽爆射BEST   mizd-092.mp4
MADM-090,MADM-090 「おばさんが何回でも勃たせてあげる！！」素人熟女妻たちによる童貞筆下ろし4 ALL2連続生中出し 4組完全収録！.mp4,1/1,G:\Shared drives\Dexter_N_01\TG_JAPAN\2018 其他\2018 多人運動\MADM-090 「おばさんが何回でも勃たせてあげる！！」素人熟女妻たちによる童貞筆下ろし4 ALL2連続生中出し 4組完全収録！\MADM-090 「おばさんが何回でも勃たせてあげる！！」素人熟女妻たちによる童貞筆下ろし4 ALL2連続生中出し 4組完全収録！.mp4
HONB-080,HONB-080 六本木生まれ育ち＃02あい.mp4,1/1,G:\Shared drives\Dexter_N_01\TG_JAPAN\2018 其他\2018 不詳名\HONB-080 六本木生まれ育ち＃02あい\HONB-080 六本木生まれ育ち＃02あい.mp4
FONE-024,FONE-024 今、話題沸騰中の「予約の取れないレンタル彼女」は裏オプなしでヤレる誘惑小悪魔なHカップ爆乳美少女でした。.mp4,1/1,G:\Shared drives\Dexter_N_01\TG_JAPAN\2018 其他\2018 不詳名\FONE-024 今、話題沸騰中の「予約の取れないレンタル彼女」は裏オプなしでヤレる誘惑小悪魔なHカップ爆乳美少女でした。\FONE-024 今、話題沸騰中の「予約の取れないレンタル彼女」は裏オプなしでヤレる誘惑小悪魔なHカップ爆乳美少女でした。.mp4
SABA-486,SABA-486 私にケツ穴ベロベロ舐めさせて アナル舐め大好き変態素人AVデビュー.mp4,1/1,G:\Shared drives\Dexter_N_01\TG_JAPAN\2018 其他\2018 不詳名\SABA-486 私にケツ穴ベロベロ舐めさせて アナル舐め大好き変態素人AVデビュー\SABA-486 私にケツ穴ベロベロ舐めさせて アナル舐め大好き変態素人AVデビュー.mp4
PTS-423,PTS-423 ガチナンパ撮影ロケで口説き落とせなかった可愛さ！おっぱい！エロさ！三拍子揃った奇跡の歯科助手 執念で再口説き！中出しAV出演！.mp4,1/1,G:\Shared drives\Dexter_N_01\TG_JAPAN\2018 其他\2018 不詳名\PTS-423 ガチナンパ撮影ロケで口説き落とせなかった可愛さ！おっぱい！エロさ！三拍子揃った奇跡の歯科助手 執念で再口説き！中出しAV出演！\PTS-423 ガチナンパ撮影ロケで口説き落とせなかった可愛さ！おっぱい！エロさ！三拍子揃った奇跡の歯科助手 執念で再口説き！中出しAV出演！.mp4
PRDB-002,PRDB-002 ゆみ（23）九州の田舎町が生んだお土産屋で働くふわふわ童顔ボイン デビュー前の未公開初SEX.mp4,1/1,G:\Shared drives\Dexter_N_01\TG_JAPAN\2018 其他\2018 不詳名\PRDB-002 ゆみ（23）九州の田舎町が生んだお土産屋で働くふわふわ童顔ボイン デビュー前の未公開初SEX\PRDB-002 ゆみ（23）九州の田舎町が生んだお土産屋で働くふわふわ童顔ボイン デビュー前の未公開初SEX.mp4
ESK-303,ESK-303 エスカレートするドしろーと娘 303 マナちゃん21さい.mp4,1/1,G:\Shared drives\Dexter_N_01\TG_JAPAN\2018 其他\2018 不詳名\ESK-303 エスカレートするドしろーと娘 303 マナちゃん21さい\ESK-303 エスカレートするドしろーと娘 303 マナちゃん21さい.mp4
BIG-2048,2048社区 - big2048.co制.mp4,1/1,G:\Shared drives\Dexter_N_01\TG_JAPAN\分享123\2048社区 - big2048.co制.mp4
DS-001,91麻豆国产原创剧情片DS-0001素人搭讪1  菲菲.mp4,1/1,G:\Shared drives\Dexter_N_01\TG_JAPAN\91麻豆国产原创AV剧情片最新合集\91麻豆国产原创剧情片DS-0001素人搭讪1  菲菲.mp4
ZEAA-44,ZEAA-44 縛られ願望の人妻を緊縛プレス 小日向まい.mp4,1/1,G:\Shared drives\Dexter_N_01\TG_JAPAN\未分类整理\ZEAA-44 縛られ願望の人妻を緊縛プレス 小日向まい.mp4
BLOR-116,BLOR-116 趣味・猫カフェめぐりのおっとり女子大生 痙攣・白目・嗚咽しながらチ●ポでぶっ壊れた！.mp4,1/1,G:\Shared drives\Dexter_N_01\TG_JAPAN\未分类整理\BLOR-116 趣味・猫カフェめぐりのおっとり女子大生 痙攣・白目・嗚咽しながらチ●ポでぶっ壊れた！.mp4
SDNM-206,SDNM-206 愛する夫はアメリカ人、バイリンガルな国際結婚ワイフ。 野々宮蘭 31歳 最終章 「今~宮めがけて6発精子注入 精子を溜め込んだパッツパツ勃起チ○ポで排卵日に着床確実中出しSEX.mp4,1/1,G:\Shared drives\Dexter_N_01\TG_JAPAN\未分类整理\SDNM-206 愛する夫はアメリカ人、バイリンガルな国際結婚ワイフ。 野々宮蘭 31歳 最終章 「今~宮めがけて6発精子注入 精子を溜め込んだパッツパツ勃起チ○ポで排卵日に着床確実中出しSEX.mp4
MADM-090,MADM-090 「おばさんが何回でも勃たせてあげる！！」素人熟女妻たちによる童貞筆下ろし4 ALL2連続生中出し 4組完全収録！.mp4,1/1,G:\Shared drives\Dexter_N_01\TG_JAPAN\未分类整理\MADM-090 「おばさんが何回でも勃たせてあげる！！」素人熟女妻たちによる童貞筆下ろし4 ALL2連続生中出し 4組完全収録！.mp4
C-2351,C-2351 秘めごと紀行＃009.mp4,1/1,G:\Shared drives\Dexter_N_01\TG_JAPAN\未分类整理\C-2351 秘めごと紀行＃009.mp4
KTKC-072,KTKC-072 校内のトイレでパコった動画をUPしてSNS大炎上したフィリピンハーフの現役J-cup女教師が中出し4発AV DEBUT！藤崎先生（仮名）.mp4,1/1,G:\Shared drives\Dexter_N_01\TG_JAPAN\未分类整理\KTKC-072 校内のトイレでパコった動画をUPしてSNS大炎上したフィリピンハーフの現役J-cup女教師が中出し4発AV DEBUT！藤崎先生（仮名）.mp4
ARM-812,ARM-812 女上司にイビられ唇奪われ唾液飲まされ続けながら可愛い部下に乳首弄りと慰めフェラされ続ける.mp4,1/1,G:\Shared drives\Dexter_N_01\TG_JAPAN\未分类整理\ARM-812 女上司にイビられ唇奪われ唾液飲まされ続けながら可愛い部下に乳首弄りと慰めフェラされ続ける.mp4
SDNM-202,SDNM-202 愛する夫はアメリカ人、バイリンガルな国際結婚ワイフ。 野々宮蘭 31歳 第2章 「硬く~たい…」異国の旦那とはまるで違う日本人のかた～いデカチ○ポで何度も何度も痙攣絶頂SEX.mp4,1/1,G:\Shared drives\Dexter_N_01\TG_JAPAN\未分类整理\SDNM-202 愛する夫はアメリカ人、バイリンガルな国際結婚ワイフ。 野々宮蘭 31歳 第2章 「硬く~たい…」異国の旦那とはまるで違う日本人のかた～いデカチ○ポで何度も何度も痙攣絶頂SEX.mp4
EYAN-139,EYAN-139 最高のハニカミ笑顔に超優しい性格の持ち主！171cmモデル級スリム美人若妻AVデビュー 友光夏華.mp4,1/1,G:\Shared drives\Dexter_N_01\TG_JAPAN\未分类整理\EYAN-139 最高のハニカミ笑顔に超優しい性格の持ち主！171cmモデル級スリム美人若妻AVデビュー 友光夏華.mp4
CESD-860,CESD-860 全身オイルまみれSEXのヌルヌル快楽でメス堕ち 三船かれん.mp4,1/1,G:\Shared drives\Dexter_N_01\TG_JAPAN\未分类整理\CESD-860 全身オイルまみれSEXのヌルヌル快楽でメス堕ち 三船かれん.mp4
SDAB-118,SDAB-118 部活少女と昼間っから一日中、ね～っとりピストンで粘着性交 中城葵.mp4,1/1,G:\Shared drives\Dexter_N_01\TG_JAPAN\未分类整理\SDAB-118 部活少女と昼間っから一日中、ね～っとりピストンで粘着性交 中城葵\SDAB-118 部活少女と昼間っから一日中、ね～っとりピストンで粘着性交 中城葵.mp4
ROOM-1080,022 Insane public masturbation in a fitting room_1080p.mp4,1/2,G:\Shared drives\Dexter_N_01\TG_JAPAN\elles\022 Insane public masturbation in a fitting room_1080p.mp4
ROOM-1080,033 I'm so horny! I couldn't resist and started to masturbate in a fitting room_1080p.mp4,2/2,G:\Shared drives\Dexter_N_01\TG_JAPAN\elles\033 I'm so horny! I couldn't resist and started to masturbate in a fitting room_1080p.mp4
DD-110117,bex_alessandra_jane_dd110117_480p_1000.mp4,1/1,G:\Shared drives\Dexter_N_01\TG_JAPAN\迅雷\bex_alessandra_jane_dd110117_480p_1000.mp4
T28-520,T28520.mp4,1/1,G:\Shared drives\Dexter_N_01\TG_JAPAN\迅雷\T28520.mp4
SW-028,SW-028.AVI,1/1,G:\Shared drives\Dexter_N_01\TG_JAPAN\迅雷\SW-028.AVI
KANE-02,da_kortney_kane02-sd169.wmv,1/1,G:\Shared drives\Dexter_N_01\TG_JAPAN\迅雷\da_kortney_kane02-sd169.wmv
MIAD-842,[HD]MIAD-842.mkv,1/1,G:\Shared drives\Dexter_N_01\TG_JAPAN\迅雷\MIAD-842\[HD]MIAD-842.mkv
SOE-983,SOE-983_0.mp4,1/2,G:\Shared drives\Dexter_N_01\TG_JAPAN\迅雷\chikan@T66Y@SOE-983\SOE-983_0.mp4
SOE-983,SOE-983_1.mp4,2/2,G:\Shared drives\Dexter_N_01\TG_JAPAN\迅雷\chikan@T66Y@SOE-983\SOE-983_1.mp4
AVOP-130,AVOP-130.avi,1/1,G:\Shared drives\Dexter_N_01\TG_JAPAN\迅雷\AVOP合集\avop合輯2\AVOP-130\AVOP-130.avi
SAMA-662,SAMA-662 バレたら退学必至！現役女子大生のキケンすぎるバイト 3.avi,1/1,G:\Shared drives\Dexter_N_01\TG_JAPAN\迅雷\SAMA-662 バレたら退学必至！現役女子大生のキケンすぎるバイト 3\SAMA-662 バレたら退学必至！現役女子大生のキケンすぎるバイト 3.avi
KMI-104,(ミル)(KMI-104)パンスト妄想脚 神ユキ.mp4,1/1,G:\Shared drives\Dexter_N_01\TG_JAPAN\迅雷\第一會所新片@SIS001@(ミル)(KMI-104)パンスト妄想脚_神ユキ\(ミル)(KMI-104)パンスト妄想脚 神ユキ.mp4
KAWD-633,KAWD-633 さくらゆらデビュー1周年記念☆ゆらぽの魅力たっぷり完全撮り下ろし6本番special.mp4,1/1,G:\Shared drives\Dexter_N_01\TG_JAPAN\骑兵\【さくらゆら】KAWD-633\KAWD-633 さくらゆらデビュー1周年記念☆ゆらぽの魅力たっぷり完全撮り下ろし6本番special.mp4
KAWD-659,KAWD-659 失禁！汗だく！ヌルびちょイカセックス！！ さくらゆら.mp4,1/1,G:\Shared drives\Dexter_N_01\TG_JAPAN\骑兵\【さくらゆら】KAWD-659\KAWD-659 失禁！汗だく！ヌルびちょイカセックス！！ さくらゆら.mp4
KAWD-672,KAWD-672 さくらゆらが男を骨抜きにするSEX.mp4,1/1,G:\Shared drives\Dexter_N_01\TG_JAPAN\骑兵\【さくらゆら】KAWD-672\KAWD-672 さくらゆらが男を骨抜きにするSEX.mp4
KAWD-614,KAWD-614 ゆらちゃんの丸くて柔らかいお尻を楽しむ会 さくらゆら.mp4,1/1,G:\Shared drives\Dexter_N_01\TG_JAPAN\骑兵\【さくらゆら】KAWD-614\KAWD-614 ゆらちゃんの丸くて柔らかいお尻を楽しむ会 さくらゆら.mp4
JUL-137,JUL-137 元地方局アナウンサー 超美巨尻マニア4本番 七緒夕希.mp4,1/1,G:\Shared drives\Dexter_N_01\TG_JAPAN\骑兵\【七緒夕希】JUL-137\JUL-137 元地方局アナウンサー 超美巨尻マニア4本番 七緒夕希.mp4
SNIS-054,SNIS-054 母に売られた娘 ほしのあすか.mp4,1/1,G:\Shared drives\Dexter_N_01\TG_JAPAN\骑兵\【ほしのあすか】SNIS-054\SNIS-054 母に売られた娘 ほしのあすか.mp4
PGD-718,PGD-718 魅惑の超美脚パンストOL 司ミコト.mp4,1/1,G:\Shared drives\Dexter_N_01\TG_JAPAN\骑兵\【司ミコト】PGD-718\PGD-718 魅惑の超美脚パンストOL 司ミコト.mp4
GXAZ-022,GXAZ-022 汁だく口内性交 猥褻なフェラチオでいかせてあげる 大槻ひびき.mp4,1/1,G:\Shared drives\Dexter_N_01\TG_JAPAN\骑兵\【大槻ひびき】GXAZ-022\GXAZ-022 汁だく口内性交 猥褻なフェラチオでいかせてあげる 大槻ひびき.mp4
MMY-001,MMY-001 ダマし撮りじぇねれーしょん 01.wmv,1/1,G:\Shared drives\Dexter_N_01\TG_JAPAN\骑兵\【加藤リナ】MMY-001\MMY-001 ダマし撮りじぇねれーしょん 01.wmv
IDBD-289,IDBD-289 つばさの折れないエンジェル 天海つばさ.avi,1/1,G:\Shared drives\Dexter_N_01\TG_JAPAN\骑兵\【天海つばさ】IDBD-289\IDBD-289 つばさの折れないエンジェル 天海つばさ.avi
PSD-376,PSD-376 癒らし。 VOL.63 小澤マリア.mp4,1/1,G:\Shared drives\Dexter_N_01\TG_JAPAN\骑兵\【小澤マリア】PSD-376\PSD-376 癒らし。 VOL.63 小澤マリア.mp4
EKDV-059,EKDV-059 G★STYLE 7.avi,1/1,G:\Shared drives\Dexter_N_01\TG_JAPAN\骑兵\【小澤マリア】EKDV-059\EKDV-059 G★STYLE 7.avi
MDYD-669,MDYD-669 淫れる若妻 その3 あいさん.avi,1/1,G:\Shared drives\Dexter_N_01\TG_JAPAN\骑兵\【島谷愛】MDYD-669\MDYD-669 淫れる若妻 その3 あいさん.avi
SVDVD-128,SVDVD-128 拷問ザーメン2 極悪62発マニアックス！ 小澤マリア.avi,1/1,G:\Shared drives\Dexter_N_01\TG_JAPAN\骑兵\【小澤マリア】SVDVD-128\SVDVD-128 拷問ザーメン2 極悪62発マニアックス！ 小澤マリア.avi
PRED-185,PRED-185 ドS一族の嫁（ワタシ）と新婚生活毎日24時間射精管理してアゲル 山岸逢花.mp4,1/1,G:\Shared drives\Dexter_N_01\TG_JAPAN\骑兵\【山岸逢花】PRED-185\PRED-185 ドS一族の嫁（ワタシ）と新婚生活毎日24時間射精管理してアゲル 山岸逢花.mp4
MIRD-198,MIRD-198 潮吹き5人姉妹 両親が不在の間に汁まみれで痴女られまくったボク….mp4,1/1,G:\Shared drives\Dexter_N_01\TG_JAPAN\骑兵\【新井エリー（晶エリー、大沢佑香） 葵百合香 彩葉みおり 有村のぞみ 岬あずさ】MIRD-198\MIRD-198 潮吹き5人姉妹 両親が不在の間に汁まみれで痴女られまくったボク….mp4
SDDE-599,SDDE-599 SHASEIDO 精液・唾液オイル配合 ぶっかけ美容スキンケア.mp4,1/1,G:\Shared drives\Dexter_N_01\TG_JAPAN\骑兵\【有坂深雪 山井すず 紗々原ゆり】SDDE-599\SDDE-599 SHASEIDO 精液・唾液オイル配合 ぶっかけ美容スキンケア.mp4
MIFD-085,MIFD-085 AV解禁くびれ美巨乳着エロアイドル激揉みデビューだよん♪ 有栖いおり.mp4,1/1,G:\Shared drives\Dexter_N_01\TG_JAPAN\骑兵\【有栖いおり】MIFD-085\MIFD-085 AV解禁くびれ美巨乳着エロアイドル激揉みデビューだよん♪ 有栖いおり.mp4
OKB-057,OKB-057 むちむちデカ尻 神ブルマ 春埼めい ロリ美少女から人妻、ぽっちゃり娘達にピチピチブルマ＆体操着を着せ.mp4,1/1,G:\Shared drives\Dexter_N_01\TG_JAPAN\骑兵\【春埼めい】OKB-057\OKB-057 むちむちデカ尻 神ブルマ 春埼めい ロリ美少女から人妻、ぽっちゃり娘達にピチピチブルマ＆体操着を着せ.mp4
IENF-057,IENF-057 有村えりか 就活で上京した従姉と一人暮らしの僕の家でヤリまくった2泊3日.mp4,1/1,G:\Shared drives\Dexter_N_01\TG_JAPAN\骑兵\【有村えりか】IENF-057\IENF-057 有村えりか 就活で上京した従姉と一人暮らしの僕の家でヤリまくった2泊3日.mp4
EBOD-710,EBOD-710 手足の細長い身長171センチ8.5頭身 ジャパン最高峰スタイル 某ガールズコレクション出場 美脚長身.mp4,1/1,G:\Shared drives\Dexter_N_01\TG_JAPAN\骑兵\【有码演员】EBOD-710\EBOD-710 手足の細長い身長171センチ8.5頭身 ジャパン最高峰スタイル 某ガールズコレクション出場 美脚長身.mp4
MMDV-061,MMDV-061 美人教師 暴行現場 Special 2.mp4,1/1,G:\Shared drives\Dexter_N_01\TG_JAPAN\骑兵\【有码演员】MMDV-061\MMDV-061 美人教師 暴行現場 Special 2.mp4
OYC-312,OYC-312 チン先に膣口擦り付けてゼロ距離誘惑！親友カップルと温泉旅行に来たのはいいが、テンション上がりすぎて飲.mp4,1/1,G:\Shared drives\Dexter_N_01\TG_JAPAN\骑兵\【有码演员】OYC-312\OYC-312 チン先に膣口擦り付けてゼロ距離誘惑！親友カップルと温泉旅行に来たのはいいが、テンション上がりすぎて飲.mp4
MUDR-091,MUDR-091 制服美少女 蛇縛輪姦 無垢×アタッカーズ 本格緊縛SMドラマ 枢木あおい.mp4,1/1,G:\Shared drives\Dexter_N_01\TG_JAPAN\骑兵\【枢木あおい】MUDR-091\MUDR-091 制服美少女 蛇縛輪姦 無垢×アタッカーズ 本格緊縛SMドラマ 枢木あおい.mp4
XVSR-491,XVSR-491 濃交 涼宮琴音の真性中出しSPECIAL.mp4,1/1,G:\Shared drives\Dexter_N_01\TG_JAPAN\骑兵\【涼宮琴音】XVSR-491\XVSR-491 濃交 涼宮琴音の真性中出しSPECIAL.mp4
HNDS-032,HNDS-032 あいちんとはたちゃんの秘密のヤリ部屋 上原亜衣 波多野結衣.mkv,1/1,G:\Shared drives\Dexter_N_01\TG_JAPAN\骑兵\【波多野結衣 上原亜衣】HNDS-032\HNDS-032 あいちんとはたちゃんの秘密のヤリ部屋 上原亜衣 波多野結衣.mkv
T-2800579,T-2800579 生意気な妹に抵抗され睨まれ罵倒されながら無理やり近親相姦する兄2.mp4,1/1,G:\Shared drives\Dexter_N_01\TG_JAPAN\骑兵\【深田みお 高美はるか 宮沢ちはる】T-2800579\T-2800579 生意気な妹に抵抗され睨まれ罵倒されながら無理やり近親相姦する兄2.mp4
HRV-023,HRV-023 人生初・トランス状態 激イキ絶頂セックスBEST vol.04 超S級女優達をひたすらイカせまくる為-cd2.mp4,1/2,G:\Shared drives\Dexter_N_01\TG_JAPAN\骑兵\【藤江史帆 乙都さきの 結まきな 吉川蓮 華嶋れい菜 有村のぞみ 黒川サリナ】HRV-023\HRV-023 人生初・トランス状態 激イキ絶頂セックスBEST vol.04 超S級女優達をひたすらイカせまくる為-cd2.mp4
HRV-023,HRV-023 人生初・トランス状態 激イキ絶頂セックスBEST vol.04 超S級女優達をひたすらイカせまくる為-cd1.mp4,2/2,G:\Shared drives\Dexter_N_01\TG_JAPAN\骑兵\【藤江史帆 乙都さきの 結まきな 吉川蓮 華嶋れい菜 有村のぞみ 黒川サリナ】HRV-023\HRV-023 人生初・トランス状態 激イキ絶頂セックスBEST vol.04 超S級女優達をひたすらイカせまくる為-cd1.mp4
KK-007,KK-007 青春エロドラマ オレのアネキとヤラないか？ 長澤あずさ.mp4,1/1,G:\Shared drives\Dexter_N_01\TG_JAPAN\骑兵\【長澤あずさ】KK-007\KK-007 青春エロドラマ オレのアネキとヤラないか？ 長澤あずさ.mp4
