DW-005,3D-Eros - 3DW-005 - Ryoko Asuka (480p).3D.SBS.wmv,1/1,G:\Shared drives\我的团队盘\NSFW\video\VR 7T（3K部）\3D-Eros\3D-Eros - 3DW-005 - Ryoko Asuka (480p).3D.SBS.wmv
DW-034,3D-Eros - 3DW-034 - Miwa Ikeda (576p).3D.SBS.wmv,1/1,G:\Shared drives\我的团队盘\NSFW\video\VR 7T（3K部）\3D-Eros\3D-Eros - 3DW-034 - Miwa Ikeda (576p).3D.SBS.wmv
DW-050,3D-Eros - 3DW-050 - Sanae Takahashi (576p).3D.SBS.wmv,1/1,G:\Shared drives\我的团队盘\NSFW\video\VR 7T（3K部）\3D-Eros\3D-Eros - 3DW-050 - Sanae Takahashi (576p).3D.SBS.wmv
DW-036,3D-Eros - 3DW-036 - Sanae Takanashi bikini1 (576p).3D.SBS.wmv,1/2,G:\Shared drives\我的团队盘\NSFW\video\VR 7T（3K部）\3D-Eros\3D-Eros - 3DW-036 - Sanae Takanashi bikini1 (576p).3D.SBS.wmv
DW-009,3D-Eros - 3DW-009 - Akane Mizumori-santa2-03 (480p).3D.SBS.wmv,1/3,G:\Shared drives\我的团队盘\NSFW\video\VR 7T（3K部）\3D-Eros\3D-Eros - 3DW-009 - Akane Mizumori-santa2-03 (480p).3D.SBS.wmv
DW-009,3D-Eros - 3DW-009 - Akane Mizumori-santa2-02 (480p).3D.SBS.wmv,2/3,G:\Shared drives\我的团队盘\NSFW\video\VR 7T（3K部）\3D-Eros\3D-Eros - 3DW-009 - Akane Mizumori-santa2-02 (480p).3D.SBS.wmv
DW-112,3D-Eros - 3DW-112 - Yuri Shirai - santa1-01 (576p).3D.SBS.wmv,1/2,G:\Shared drives\我的团队盘\NSFW\video\VR 7T（3K部）\3D-Eros\3D-Eros - 3DW-112 - Yuri Shirai - santa1-01 (576p).3D.SBS.wmv
DW-112,3D-Eros - 3DW-112 - Yuri Shirai - santa1-02 (576p).3D.SBS.wmv,2/2,G:\Shared drives\我的团队盘\NSFW\video\VR 7T（3K部）\3D-Eros\3D-Eros - 3DW-112 - Yuri Shirai - santa1-02 (576p).3D.SBS.wmv
DW-087,3D-Eros - 3DW-087 - Mai Natsuki 3D (576p).3D.SBS.wmv,1/1,G:\Shared drives\我的团队盘\NSFW\video\VR 7T（3K部）\3D-Eros\3D-Eros - 3DW-087 - Mai Natsuki 3D (576p).3D.SBS.wmv
DW-121,3D-Eros - 3DW-121 - Sanae Takahashi punish1 (576p).3D.SBS.wmv,1/1,G:\Shared drives\我的团队盘\NSFW\video\VR 7T（3K部）\3D-Eros\3D-Eros - 3DW-121 - Sanae Takahashi punish1 (576p).3D.SBS.wmv
DW-090,3D-Eros - 3DW-090 - Miho Wakabayashi-private-01- (576p).3D.SBS.wmv,1/4,G:\Shared drives\我的团队盘\NSFW\video\VR 7T（3K部）\3D-Eros\3D-Eros - 3DW-090 - Miho Wakabayashi-private-01- (576p).3D.SBS.wmv
DW-090,3D-Eros - 3DW-090 - Miho Wakabayashi-private-03- (576p).3D.SBS.wmv,2/4,G:\Shared drives\我的团队盘\NSFW\video\VR 7T（3K部）\3D-Eros\3D-Eros - 3DW-090 - Miho Wakabayashi-private-03- (576p).3D.SBS.wmv
DW-090,3D-Eros - 3DW-090 - Miho Wakabayashi-private-04- (576p).3D.SBS.wmv,3/4,G:\Shared drives\我的团队盘\NSFW\video\VR 7T（3K部）\3D-Eros\3D-Eros - 3DW-090 - Miho Wakabayashi-private-04- (576p).3D.SBS.wmv
DW-123,3D-Eros - 3DW-123 - Sanae Takahashi-punish2-02-hshlpsp (576p).3D.SBS.wmv,1/3,G:\Shared drives\我的团队盘\NSFW\video\VR 7T（3K部）\3D-Eros\3D-Eros - 3DW-123 - Sanae Takahashi-punish2-02-hshlpsp (576p).3D.SBS.wmv
DW-090,3D-Eros - 3DW-090 - Miho Wakabayashi-private-02- (576p).3D.SBS.wmv,4/4,G:\Shared drives\我的团队盘\NSFW\video\VR 7T（3K部）\3D-Eros\3D-Eros - 3DW-090 - Miho Wakabayashi-private-02- (576p).3D.SBS.wmv
DW-009,3D-Eros - 3DW-009 - Akane Mizumori-santa2-01 (480p).3D.SBS.wmv,3/3,G:\Shared drives\我的团队盘\NSFW\video\VR 7T（3K部）\3D-Eros\3D-Eros - 3DW-009 - Akane Mizumori-santa2-01 (480p).3D.SBS.wmv
DW-036,3D-Eros - 3DW-036 - Sanae Takanashi bikini2 (576p).3D.SBS.wmv,2/2,G:\Shared drives\我的团队盘\NSFW\video\VR 7T（3K部）\3D-Eros\3D-Eros - 3DW-036 - Sanae Takanashi bikini2 (576p).3D.SBS.wmv
SEC-01,3DTV Honami-sec-01 (480p).3D.SBS.wmv,1/2,G:\Shared drives\我的团队盘\NSFW\video\VR 7T（3K部）\3D-Eros\3DTV Honami-sec-01 (480p).3D.SBS.wmv
SEC-01,3DTV Hitomi-sec-01 (480p).3D.SBS.wmv,2/2,G:\Shared drives\我的团队盘\NSFW\video\VR 7T（3K部）\3D-Eros\3DTV Hitomi-sec-01 (480p).3D.SBS.wmv
SEC-02,3DTV Hitomi-sec-02 (480p).3D.SBS.wmv,1/2,G:\Shared drives\我的团队盘\NSFW\video\VR 7T（3K部）\3D-Eros\3DTV Hitomi-sec-02 (480p).3D.SBS.wmv
DW-123,3D-Eros - 3DW-123 - Sanae Takahashi-punish2-03-hshlpsp (576p).3D.SBS.wmv,2/3,G:\Shared drives\我的团队盘\NSFW\video\VR 7T（3K部）\3D-Eros\3D-Eros - 3DW-123 - Sanae Takahashi-punish2-03-hshlpsp (576p).3D.SBS.wmv
DW-143,3D-Eros - 3DW-143 - Sanae Takahashi (576p).3D.SBS.wmv,1/1,G:\Shared drives\我的团队盘\NSFW\video\VR 7T（3K部）\3D-Eros\3D-Eros - 3DW-143 - Sanae Takahashi (576p).3D.SBS.wmv
DW-123,3D-Eros - 3DW-123 - Sanae Takahashi-punish2-01-hshlpsp (576p).3D.SBS.wmv,3/3,G:\Shared drives\我的团队盘\NSFW\video\VR 7T（3K部）\3D-Eros\3D-Eros - 3DW-123 - Sanae Takahashi-punish2-01-hshlpsp (576p).3D.SBS.wmv
DW-122,3D-Eros - 3DW-122 - Miki Fujisaki-hygienina-01-hshlpsp (576p).3D.SBS.wmv,1/2,G:\Shared drives\我的团队盘\NSFW\video\VR 7T（3K部）\3D-Eros\3D-Eros - 3DW-122 - Miki Fujisaki-hygienina-01-hshlpsp (576p).3D.SBS.wmv
DW-122,3D-Eros - 3DW-122 - Miki Fujisaki-hygienina-02-hshlpsp (576p).3D.SBS.wmv,2/2,G:\Shared drives\我的团队盘\NSFW\video\VR 7T（3K部）\3D-Eros\3D-Eros - 3DW-122 - Miki Fujisaki-hygienina-02-hshlpsp (576p).3D.SBS.wmv
SEC-03,3DTV Hitomi-sec-03 (480p).3D.SBS.wmv,1/2,G:\Shared drives\我的团队盘\NSFW\video\VR 7T（3K部）\3D-Eros\3DTV Hitomi-sec-03 (480p).3D.SBS.wmv
SEC-03,3DTV Honami-sec-03 (480p).3D.SBS.wmv,2/2,G:\Shared drives\我的团队盘\NSFW\video\VR 7T（3K部）\3D-Eros\3DTV Honami-sec-03 (480p).3D.SBS.wmv
SEC-02,3DTV Honami-sec-02 (480p).3D.SBS.wmv,2/2,G:\Shared drives\我的团队盘\NSFW\video\VR 7T（3K部）\3D-Eros\3DTV Honami-sec-02 (480p).3D.SBS.wmv
RAPE-01,3DTV Ryoko-rape-01 (480p).3D.SBS.wmv,1/1,G:\Shared drives\我的团队盘\NSFW\video\VR 7T（3K部）\3D-Eros\3DTV Ryoko-rape-01 (480p).3D.SBS.wmv
SEC-04,3DTV Honami-sec-04 (480p).3D.SBS.wmv,1/1,G:\Shared drives\我的团队盘\NSFW\video\VR 7T（3K部）\3D-Eros\3DTV Honami-sec-04 (480p).3D.SBS.wmv
RAPE-02,3DTV Ryoko-rape-02 (480p).3D.SBS.wmv,1/1,G:\Shared drives\我的团队盘\NSFW\video\VR 7T（3K部）\3D-Eros\3DTV Ryoko-rape-02 (480p).3D.SBS.wmv
SW-33,3D M4X Sw33tt33ni3 M4ry Qu33nin3D (div3) (1080p).3D.SBS.avi,1/1,G:\Shared drives\我的团队盘\NSFW\video\VR 7T（3K部）\3DMaxxx\3D M4X Sw33tt33ni3 M4ry Qu33nin3D (div3) (1080p).3D.SBS.avi
PORN-180,[FYF] Compilation of VR Porn_180_sbs.mp4,1/2,G:\Shared drives\我的团队盘\NSFW\video\VR 7T（3K部）\Compilation-Clips\[FYF] Compilation of VR Porn_180_sbs.mp4
PORN-180,[FYF] Compilations of VR Porn_180_sbs.mp4,2/2,G:\Shared drives\我的团队盘\NSFW\video\VR 7T（3K部）\Compilation-Clips\[FYF] Compilations of VR Porn_180_sbs.mp4
LOVE-1920,BaDoinkVR - Infucktion Day - Avi Love_1920p.mp4,1/1,G:\Shared drives\我的团队盘\NSFW\video\VR 7T（3K部）\BaDoinkVR\BaDoinkVR - Infucktion Day - Avi Love_1920p.mp4
JUL-2017,[VRG] Lazy Afternoon-jul-2017_SBS_180.mp4,1/1,G:\Shared drives\我的团队盘\NSFW\video\VR 7T（3K部）\Gay\Virtual Real Gay\[VRG] Lazy Afternoon-jul-2017_SBS_180.mp4
PORN-360,Virtual Porn 360 - 'BDSM Lovers Tied Up And Submissive Woman'.mp4,1/4,G:\Shared drives\我的团队盘\NSFW\video\VR 7T（3K部）\Kinky VR\Virtual Porn 360 - 'BDSM Lovers Tied Up And Submissive Woman'.mp4
PORN-360,Virtual Porn 360 - 'Dominator Punishes Hot College Babe In Lesbian BDSM'.mp4,2/4,G:\Shared drives\我的团队盘\NSFW\video\VR 7T（3K部）\Kinky VR\Virtual Porn 360 - 'Dominator Punishes Hot College Babe In Lesbian BDSM'.mp4
PORN-360,Virtual Porn 360 - 'Japanese Sex Mitsuki Arms Tied Blowjob'.mp4,3/4,G:\Shared drives\我的团队盘\NSFW\video\VR 7T（3K部）\Kinky VR\Virtual Porn 360 - 'Japanese Sex Mitsuki Arms Tied Blowjob'.mp4
PORN-360,Virtual Porn 360 - 'BDSM Lovers Drill My Pussy!'.mp4,4/4,G:\Shared drives\我的团队盘\NSFW\video\VR 7T（3K部）\Kinky VR\Virtual Porn 360 - 'BDSM Lovers Drill My Pussy!'.mp4
BGG-5400,TmwVRnet_Julia_Parker_Free_Dee_BGG_5400x2700.mp4,1/1,G:\Shared drives\我的团队盘\NSFW\video\VR 7T（3K部）\TmwVR\TmwVRnet_Julia_Parker_Free_Dee_BGG_5400x2700.mp4
BGG-3840,TmwVRnet_Julia_Parker_Free_Dee_BGG_3840x1920.mp4,1/1,G:\Shared drives\我的团队盘\NSFW\video\VR 7T（3K部）\TmwVR\TmwVRnet_Julia_Parker_Free_Dee_BGG_3840x1920.mp4
GG-5400,TmwVRnet_Julia_Parker_Free_Dee_GG_5400x2700.mp4,1/1,G:\Shared drives\我的团队盘\NSFW\video\VR 7T（3K部）\TmwVR\TmwVRnet_Julia_Parker_Free_Dee_GG_5400x2700.mp4
APR-24,[TonightsGirlfriend] Jenna J Ross and Johnny Castle (Apr 24, 2020) [OculusRift] [2048p].mp4,1/1,G:\Shared drives\我的团队盘\NSFW\video\VR 7T（3K部）\TonightsGirlfriend\[TonightsGirlfriend] Jenna J Ross and Johnny Castle (Apr 24, 2020) [OculusRift] [2048p].mp4
GIRL-2880,StasyQVR_Uptown Girl_2880_49_TB_360 Oculus.mp4,1/1,G:\Shared drives\我的团队盘\NSFW\video\VR 7T（3K部）\StasyQ VR\StasyQVR_Uptown Girl_2880_49_TB_360 Oculus.mp4
EP-04,VirtualRealPorn_-_Savages_school_ep_04_-_5K_180x180_3dh.mp4,1/1,G:\Shared drives\我的团队盘\NSFW\video\VR 7T（3K部）\VirtualRealPorn\VirtualRealPorn_-_Savages_school_ep_04_-_5K_180x180_3dh.mp4
C-461861,120c461861f84dd0cb4064eff8039352-360p.mp4,1/1,G:\Shared drives\我的团队盘\NSFW\video\无码合集-1\有賀ゆあ\120c461861f84dd0cb4064eff8039352-360p.mp4
MBD-020,S2MBD-020.mkv,1/1,G:\Shared drives\我的团队盘\NSFW\video\无码合集-1\小澤瑪莉亞\S2MBD-020.mkv
DRC-146,CatchEye DRC-146.mp4,1/1,G:\Shared drives\我的团队盘\NSFW\video\无码合集-1\篠めぐみ(碧しの)\CatchEye DRC-146.mp4
SMD-53,SMD-53.mp4,1/1,G:\Shared drives\我的团队盘\NSFW\video\无码合集-1\篠めぐみ(碧しの)\SMD-53.mp4
CZ-007,CZ007_whole.mp4,1/2,G:\Shared drives\我的团队盘\NSFW\video\无码合集-1\篠めぐみ(碧しの)\CZ007_whole.mp4
CZ-007,javus.net_CZ007_whole.mp4,2/2,G:\Shared drives\我的团队盘\NSFW\video\无码合集-1\篠めぐみ(碧しの)\javus.net_CZ007_whole.mp4
RED-208,[RED-208]レッドホットフェティッシュコレクション Working Girls Collection 4時間 Vol2.mp4,1/1,G:\Shared drives\我的团队盘\NSFW\video\无码合集-1\舞咲みくに\[RED-208]レッドホットフェティッシュコレクション Working Girls Collection 4時間 Vol2.mp4
DRG-12,DRG-12.mp4,1/1,G:\Shared drives\我的团队盘\NSFW\video\无码合集-1\霧島\DRG-12.mp4
CWPBD-62,CWPBD-62.mp4,1/1,G:\Shared drives\我的团队盘\NSFW\video\无码合集-1\西山希\CWPBD-62.mp4
SMD-154,[SMD-154]S Model 154 Non-Stop! 餘裕で三連発できちゃう極上の女優たち7名3時間  篠田あゆみ,.mp4,1/1,G:\Shared drives\我的团队盘\NSFW\video\无码合集-1\篠田あゆみ\[SMD-154]S Model 154 Non-Stop! 餘裕で三連発できちゃう極上の女優たち7名3時間  篠田あゆみ,.mp4
SMD-151,[SMD-151]S Model 151 ファン感謝ツアー  篠田あゆみ.mp4,1/1,G:\Shared drives\我的团队盘\NSFW\video\无码合集-1\篠田あゆみ\[SMD-151]S Model 151 ファン感謝ツアー  篠田あゆみ.mp4
TOP-20,[121616_003]メルシーボークー 17 メルシーボークー年間売上ランキング2016 Top 20 3Hrs.mp4,1/1,G:\Shared drives\我的团队盘\NSFW\video\无码合集-1\篠田あゆみ\[121616_003]メルシーボークー 17 メルシーボークー年間売上ランキング2016 Top 20 3Hrs.mp4
ONCE-007,ONCE-007 卒業 II 其ノ壱.avi,1/1,G:\Shared drives\我的团队盘\NSFW\video\早乙女ルイ.露依.Rui Saotome.最全合集@nicePT\ONCE-007 卒業 II 其ノ壱.avi
MIRD-75,MIRD-75A.avi,1/2,G:\Shared drives\我的团队盘\NSFW\video\早乙女ルイ.露依.Rui Saotome.最全合集@nicePT\MIRD-75A.avi
HODV-20467,HODV-20467処女宮 ～美白のお嬢様～.mkv,1/1,G:\Shared drives\我的团队盘\NSFW\video\早乙女ルイ.露依.Rui Saotome.最全合集@nicePT\HODV-20467処女宮 ～美白のお嬢様～.mkv
MIRD-75,MIRD-75B.avi,2/2,G:\Shared drives\我的团队盘\NSFW\video\早乙女ルイ.露依.Rui Saotome.最全合集@nicePT\MIRD-75B.avi
WIF-08,WIF-08.avi,1/1,G:\Shared drives\我的团队盘\NSFW\video\早乙女ルイ.露依.Rui Saotome.最全合集@nicePT\WIF-08.avi
NADE-681,Nade-681 乱れる人妻 性欲を抑えきれない人妻 ルイ.avi,1/1,G:\Shared drives\我的团队盘\NSFW\video\早乙女ルイ.露依.Rui Saotome.最全合集@nicePT\Nade-681 乱れる人妻 性欲を抑えきれない人妻 ルイ.avi
MAD-96,MAD-96.wmv,1/1,G:\Shared drives\我的团队盘\NSFW\video\早乙女ルイ.露依.Rui Saotome.最全合集@nicePT\MAD-96.wmv
JS-19,JS-19 女の子の精飲記念日 ごっくん .avi,1/1,G:\Shared drives\我的团队盘\NSFW\video\早乙女ルイ.露依.Rui Saotome.最全合集@nicePT\JS-19 女の子の精飲記念日 ごっくん .avi
HODV-20474,HODV-20474 桃尻姫.avi,1/1,G:\Shared drives\我的团队盘\NSFW\video\早乙女ルイ.露依.Rui Saotome.最全合集@nicePT\HODV-20474 桃尻姫.avi
ANND-58,ANND-58.avi,1/1,G:\Shared drives\我的团队盘\NSFW\video\早乙女ルイ.露依.Rui Saotome.最全合集@nicePT\ANND-58.avi
NIT-41,NIT-41.wmv,1/1,G:\Shared drives\我的团队盘\NSFW\video\早乙女ルイ.露依.Rui Saotome.最全合集@nicePT\NIT-41.wmv
HODV-20482,HODV-20482 官能姫.avi,1/1,G:\Shared drives\我的团队盘\NSFW\video\早乙女ルイ.露依.Rui Saotome.最全合集@nicePT\HODV-20482 官能姫.avi
BUR-252,BUR-252 日常生活での競泳水着.avi,1/1,G:\Shared drives\我的团队盘\NSFW\video\早乙女ルイ.露依.Rui Saotome.最全合集@nicePT\BUR-252 日常生活での競泳水着.avi
ANND-66,ANND-66.avi,1/1,G:\Shared drives\我的团队盘\NSFW\video\早乙女ルイ.露依.Rui Saotome.最全合集@nicePT\ANND-66.avi
CWPBD-104,CWPBD-104.mp4,1/1,G:\Shared drives\我的团队盘\NSFW\video\无码合集-3\佳苗るか\CWPBD-104.mp4
MCDV-22,[MCDV-22]メルシーボークー DV 22 即ハボッ！中出しSEX  前田由美.mp4,1/1,G:\Shared drives\我的团队盘\NSFW\video\无码合集-3\前田由美\[MCDV-22]メルシーボークー DV 22 即ハボッ！中出しSEX  前田由美.mp4
DV-22,DV22.mp4,1/1,G:\Shared drives\我的团队盘\NSFW\video\无码合集-3\前田由美\DV22.mp4
DV-30,[020516_493]メルシーボークー DV 30 彼女と僕とアブノーマル.mp4,1/1,G:\Shared drives\我的团队盘\NSFW\video\无码合集-3\宮崎愛莉\[020516_493]メルシーボークー DV 30 彼女と僕とアブノーマル.mp4
TOP-20,[121616_003]メルシーボークー 17 メルシーボークー年間売上ランキング2016 Top 20 3Hrs.mp4,1/1,G:\Shared drives\我的团队盘\NSFW\video\无码合集-3\宮崎愛莉\[121616_003]メルシーボークー 17 メルシーボークー年間売上ランキング2016 Top 20 3Hrs.mp4
SMD-115,SMD-115中文字幕.mp4,1/1,G:\Shared drives\我的团队盘\NSFW\video\无码合集-3\大橋未久\SMD-115中文字幕.mp4
RED-155,RED155.MP4,1/1,G:\Shared drives\我的团队盘\NSFW\video\无码合集-3\朝桐光\RED155.MP4
RED-170,RED170.rmvb,1/1,G:\Shared drives\我的团队盘\NSFW\video\无码合集-3\朝桐光\RED170.rmvb
CWPBD-117,[CWPBD-117]キャットウォーク ポイズン 117 パコパコ溫泉中出しどうでしょう  川村まや (ブルーレイ版) -.mp4,1/1,G:\Shared drives\我的团队盘\NSFW\video\无码合集-3\川村まや\[CWPBD-117]キャットウォーク ポイズン 117 パコパコ溫泉中出しどうでしょう  川村まや (ブルーレイ版) -.mp4
SMD-116,SMD-116.mp4,1/1,G:\Shared drives\我的团队盘\NSFW\video\无码合集-3\白咲碧\SMD-116.mp4
M-18,29rVZpYvrXxNPnWt8vm7czle8On2qSoTPUJjzBeD8QyE=m18.mp4,1/1,G:\Shared drives\我的团队盘\NSFW\video\无码合集-3\木村つな\29rVZpYvrXxNPnWt8vm7czle8On2qSoTPUJjzBeD8QyE=m18.mp4
DV-38,[062416_601]メルシーボークー DV 38 12人人気巨乳女優の中出しオンパレード.mp4,1/1,G:\Shared drives\我的团队盘\NSFW\video\无码合集-3\立川理恵\[062416_601]メルシーボークー DV 38 12人人気巨乳女優の中出しオンパレード.mp4
DRC-154,[DRC-154]CATCHEYE Vol154 俺の彼女はコスプレイヤー  目々澤めぐ.mp4,1/1,G:\Shared drives\我的团队盘\NSFW\video\无码合集-3\目々澤めぐ\[DRC-154]CATCHEYE Vol154 俺の彼女はコスプレイヤー  目々澤めぐ.mp4
M-037,S2M-037.avi,1/1,G:\Shared drives\我的团队盘\NSFW\video\无码合集-3\波多野結衣\無碼\S2M-037.avi
DV-17,S Model DV 17 (SM3D2DBD-17)[BD Remux].mkv,1/1,G:\Shared drives\我的团队盘\NSFW\video\无码合集-3\波多野結衣\無碼\4k\[2013.02.25]  S Model DV 17 (SM3D2DBD-17)\S Model DV 17 (SM3D2DBD-17)[BD Remux].mkv
GIRL-53,LaForet Girl 53 (LAFBD-53) Yui Hatano [BD Remux].mkv,1/1,G:\Shared drives\我的团队盘\NSFW\video\无码合集-3\波多野結衣\無碼\4k\[2015.06.19] LaForet Girl 53 (LAFBD-53)\LaForet Girl 53 (LAFBD-53) Yui Hatano [BD Remux].mkv